age,genotype,baseline_hb_g_dl,hbf_percent,wbc_10e9_l,reticulocyte_pct,prior_voc_6mo,crp_mg_l,temperature_c,hydration_score,spo2_pct,pain_duration_days,season,cause_label
37.5,SS,6.02,5.18,20.05,11.58,2.0,,38.46,,95.14,1.9,rainy,ACS
20.4,SBeta-thal,9.35,1.17,9.24,,0.0,8.97,36.68,3.29,98.19,37.94,rainy,AVN
18.0,SS,8.22,8.41,13.37,7.53,6.0,19.35,36.91,1.26,99.79,2.82,dry,VOC
29.5,SS,8.06,0.0,12.32,6.75,1.0,6.26,37.71,2.25,97.25,1.36,dry season,Dehydration
26.7,SS,7.84,11.55,14.54,12.81,1.0,22.5,36.38,3.61,98.06,8.99,rainy,Other
21.6,SS,6.09,2.16,9.9,8.84,7.0,6.1,37.33,,96.42,1.79,rainy,VOC
15.0,SS,8.98,0.0,12.27,2.93,2.0,29.63,38.04,6.34,95.62,8.58,dry,Other
20.4,SBeta-thal,7.32,,20.29,12.66,3.0,27.42,37.71,2.43,98.84,3.59,rainy,Other
23.3,SS,8.05,6.73,11.24,6.68,6.0,7.17,38.27,1.83,96.58,1.08,dry,Dehydration
23.1,SS,7.17,5.71,9.68,5.19,0.0,1.82,36.79,6.9,98.39,25.11,rainy,AVN
26.1,SC,7.03,5.13,23.78,3.33,5.0,46.06,37.87,3.54,96.01,1.33,rainy,Infection
34.2,SS,7.89,3.61,11.0,9.25,1.0,10.66,37.06,5.07,97.59,28.99,Rainy,AVN
26.9,SC,9.98,1.66,14.8,10.9,3.0,20.35,36.65,3.14,96.64,7.47,rainy,Other
19.2,SS,7.7,0.0,21.69,8.61,1.0,25.6,38.73,8.4,95.51,0.93,rainy,Infection
31.6,Hb SS,7.55,5.26,16.85,4.28,4.0,9.13,36.19,2.67,98.4,2.48,dry,VOC
20.3,SBeta-thal,7.02,4.61,16.04,7.53,3.0,12.37,37.26,4.52,97.94,2.33,dry,Dehydration
34.5,SS,7.97,11.23,10.59,4.79,2.0,9.21,37.29,3.83,94.69,0.91,dry,Dehydration
38.9,SC,10.4,6.17,11.92,7.49,1.0,2.53,37.07,4.08,97.91,69.53,rainy,AVN
11.3,Hb-SC,6.92,5.58,10.59,8.55,5.0,28.12,36.76,5.08,91.03,10.17,dry,Other
27.6,Hb-SS,7.64,5.83,10.47,7.7,1.0,0.55,37.34,5.14,95.92,69.68,dry,AVN
16.6,SS,6.82,9.24,24.1,8.25,1.0,63.54,39.32,,91.02,0.5,dry,ACS
32.6,SS,7.38,10.82,22.81,9.62,1.0,45.94,38.27,5.19,95.09,0.79,dry,ACS
21.1,SS,8.99,1.48,8.71,5.21,0.0,4.61,36.73,5.12,97.0,89.2,dry,AVN
18.1,SS,7.1 g/dl,5.49,18.52,5.84,10.0,20.18,36.67,1.3,98.04,3.39,dry,VOC
10.4,S/beta-thal,9.83,9.91,12.09,3.64,2.0,,37.2,4.12,97.6,1.72,dry,Dehydration
26.6,SS,7.51,6.25,21.3,11.09,4.0,,37.32,2.75,95.65,1.17, dry,VOC
17.8,SS,7.52,8.14,11.28,9.47,3.0,16.77,37.49,2.41,97.65,2.07,rainy,Dehydration
16.9,SS,8.39,4.43,11.27,8.84,2.0,13.86,37.3,1.94,95.96,0.5,dry,Dehydration
24.3,SS,9.56,13.0,12.1,12.69,2.0,10.61,38.35,3.71,93.04,0.5,DRY,Other
34.7,SS,7.02,4.54,21.54,5.0,0.0,54.82,38.37,10.0,93.97,3.67,rainy,Infection
18.5,SS,9.06,9.46,8.82,6.94,2.0,25.76,37.84,7.32,94.48,16.37,dry,Other
20.7,SS,7.85,4.31,11.67,8.9,4.0,18.82,37.0,4.57,97.92,0.5,dry,VOC
3.5,SC,7.7,9.91,11.11,,2.0,9.13,37.45,6.82,93.14,5.66,Dry,Other
40.5,SC,8.17,6.37,17.51,5.75,2.0,25.33,37.7,3.39,90.77,2.66,rainy,Other
40.2,SS,8.19,2.26,11.87 x10^9/L,7.11,0.0,16.09,37.25,3.6,94.62,4.19,dry,Dehydration
19.3,Hb-SC,8.63,3.85,10.3,12.65,2.0,9.97,36.6,4.69,90.73,6.73,rainy,Other
13.5,SS,10.16,11.31,8.69,6.05,3.0,18.84,37.42,2.55,96.69,1.97,dry,Dehydration
29.5,SS,8.49,1.48,11.0,7.59,4.0,7.14,36.97,0.88,94.26,0.87,dry,Dehydration
33.9,SS,7.71,9.81,7.83,7.39,0.0,,37.42,3.57,98.87,2.22,dry,Dehydration
38.6,SS,8.08,,15.93,5.51,1.0,5.11,37.0,2.29,99.32,0.5,rainy,Dehydration
31.5,SC,7.93,3.01,16.59,4.92,4.0,0.0,37.06,10.0,94.09,2.75,dry,Other
27.8,SC,6.1,6.78,19.86,10.05,0.0,33.26,38.71,3.26,85.24,2.67,rainy,ACS
18.3,SS,10.01,1.99,7.75,9.64,2.0,17.49,36.38,5.78,96.66,2.35,dry,Other
27.6,SS,9.96,10.66,999.0,6.16,0.0,8.53,37.46,7.76,96.96,24.04,rainy,AVN
29.7,SC,8.39,,10.02,6.75,6.0,66.4,38.92,5.11,92.26,3.85,dry,Infection
22.2,SS,8.89,5.7,14.2,7.65,4.0,20.71,37.24,4.32,96.49,3.28,dry,VOC
21.1, SS ,9.36 g/dl,9.13,12.06,6.53,2.0,6.77,37.03,4.08,95.97,27.46,rainy,AVN
26.9,SS,6.22,11.85,7.06,4.09,1.0,29.67,37.54,3.86,95.33,3.73,dry,Other
27.2,SC,7.28,4.3,9.93,6.39,0.0,14.85,36.49,4.59,99.31,31.95,rainy,AVN
39.5,SS,8.23,5.47,22.53,10.93,2.0,93.5,39.11,4.68,98.56,2.2,dry,Infection
7.5,SC,6.7,0.92,18.47,9.4,2.0,49.53,37.96,4.71,91.7,1.73,dry,Infection
23.9, SS ,7.66,6.07,21.8,4.99,3.0,38.44,38.31,4.52,87.05,1.4,dry,ACS
39.6,SC,5.85,9.84,10.23 x10^9/L,9.17,2.0,2.29,36.91,6.45,98.16,71.96,dry,AVN
19.0,SS,7.26,9.22,28.89,9.73,3.0,,39.13,4.43,87.31,3.72,dry,ACS
23.3, SC ,8.98,2.54,11.15,7.85,1.0,20.47,36.87,3.68,91.43,7.37,dry,Other
14.2,SS,7.6,4.19,6.36,8.08,3.0,0.0,36.94,0.85,96.53,1.92,dry,Dehydration
21.5,SS,9.28,8.79,16.75,6.57,5.0,68.46,38.42,,84.38,2.68,dry,ACS
21.4,SS,6.75,8.35,19.96 x10^9/L,11.21,2.0,72.84,37.72,6.82,94.95,1.41,dry,Infection
17.9,SS,7.46 g/dl,7.11,17.38,7.75,1.0,0.65,37.88,2.38,95.43,0.5,rainy,Dehydration
2.0,SS,9.3,9.01,19.5,10.21,1.0,48.69,38.67,4.36,98.16,5.28, dry,Infection
21.9,SS,9.15,3.15,28.06,7.33,2.0,21.55,38.94,2.18,83.95,3.16,dry,ACS
38.7,SC,8.66,0.0,14.85,4.29,1.0,46.46,37.05,1.87,99.41,7.9,dry,Other
6.6,ss,8.15,0.0,15.82,7.38,4.0,43.79,38.56,5.45,93.08,1.85,rainy season,Infection
16.1,SS,7.83,2.81,9.32,,3.0,13.14,36.93,5.57,95.72,1.67, rainy,VOC
34.7,SS,6.18,3.73,13.11,,3.0,54.35,39.26,6.06,92.36,5.43,dry,Infection
9.3,SC,7.47,5.33,8.21,10.49,2.0,15.69,36.64,3.9,100.0,2.11,rainy,VOC
19.7,SS,6.84,6.24,10.77,4.86,0.0,13.33,36.88,1.64,96.66,0.5,dry,Dehydration
16.6,SC,8.49,8.55,26.09,9.47,5.0,62.32,39.01,,92.7,2.46,rainy,ACS
27.6,HBSS,8.52,2.77,13.29,3.93,0.0,6.43,36.92,4.12,94.28,27.71,RAINY,AVN
12.2,SS,7.52,2.67,5.0,11.41,3.0,9.54,36.38,6.68,95.39,3.13,rainy,Other
25.1,SC,8.61,8.22,14.05,5.99,1.0,5.17,36.65,2.03,97.72,1.34,dry season,Dehydration
38.8,HBSC,7.8,6.21,15.49,6.57,2.0,63.78,39.29,3.57,96.31,1.92,dry,Infection
18.8,SS,7.68,5.02,17.79,4.44,1.0,10.31,37.36,6.27,96.23,5.33,rainy,Other
44.9,SS,8.35,2.7,10.53,7.98,1.0,5.19,37.04,6.17,97.43,85.33,dry,AVN
11.9,SS,8.15,,6.74,,2.0,11.85,37.34,3.66,93.73,0.66,dry,Dehydration
43.7,Hb SS,8.61,12.26,10.83,3.8,1.0,7.52,37.19,3.36,94.29,43.96,dry,AVN
9.9,HBSC,5.66,7.79,16.95,7.59,3.0,57.36,38.95,9.59,94.95,4.67,rainy,Infection
43.5,SS,8.34,4.89,11.21,3.53,4.0,,36.76,2.45,99.54,3.05,rainy,VOC
37.0,SS,10.26,4.7,12.07,9.54,1.0,6.64,37.3,0.0,96.71,2.59,dry,Dehydration
28.2,SS,8.44,9.29,9.31,5.79,2.0,4.0,37.5,6.78,96.48,69.54,dry,AVN
36.6,SS,8.26 g/dl,9.08,7.32,10.36,0.0,4.58,36.91,5.87,97.9,72.36,dry,AVN
13.8,SBeta-thal,8.22,,20.45,9.14,1.0,49.33,37.69,2.83,94.3,1.28, dry,ACS
17.5,SBeta-thal,7.99,9.36,5.0,4.87,0.0,3.19,36.77,9.16,97.57,68.36,dry,AVN
28.8,Hb SS,7.52,2.04,28.06,11.0,5.0,20.66,39.38,6.12,88.72,2.47,dry,ACS
21.4,SC,6.68,3.27,11.79,6.7,1.0,0.73,37.67,3.17,92.97,5.38,rainy,Other
22.9,SS,7.65,6.68,17.89 x10^9/L,8.34,1.0,53.61,37.97,1.07,85.59,1.96,rainy,ACS
34.2,SC,8.73,5.72,11.7,6.61,2.0,26.15,36.3,3.3,94.66,1.9,dry,VOC
23.2,SBeta-thal,8.78,6.06,20.33,4.89,2.0,17.43,38.81,2.86,94.04,4.34, dry,Infection
24.1,SS,7.94,0.0,13.16,9.59,0.0,73.45,37.5,5.06,93.81,4.43,dry,Infection
24.0,SBeta-thal,8.99,3.55,12.33,8.33,3.0,5.69,38.44,2.19,96.11,0.5,dry,Dehydration
2.0,SS,7.46,6.04,15.07,10.18,3.0,22.7,37.11,3.49,97.4,2.13,rainy,VOC
25.7,SS,7.01,4.36,13.54,16.14,4.0,23.48,36.4,7.38,96.4,0.5,dry,VOC
36.1,SS,5.61,9.05,14.75,8.44,2.0,34.75,38.75,4.49,90.77,1.5,rainy season,ACS
34.8,SS,8.97,6.02,12.39,5.32,4.0,15.43,36.95,6.61,95.64,1.17, rainy,VOC
19.6,Hb-SS,9.37,3.47,15.44,3.08,1.0,33.04,36.65,3.22,90.82,2.73,RAINY,Other
17.3,SS,6.99,4.49,8.3,8.66,2.0,17.28,36.91,2.51,97.16,2.59,dry,Dehydration
2.0,SS,7.84,8.72,11.97,,1.0,8.45,37.67,1.94,95.95,0.5,Dry,Dehydration
2.0,SC,9.0,5.18,14.6,,3.0,0.0,37.53,4.29,93.4,2.41,rainy,Other
27.2,SS,8.26 g/dl,0.97,10.0,10.08,1.0,71.62,39.44,6.46,99.82,3.75,rainy,Infection
15.3,SS,9.69,4.33,20.21,9.08,3.0,15.0,39.44,6.16,94.93,0.5,dry,Infection
27.3,SS,7.51,7.19,6.0,8.9,5.0,0.0,36.55,6.23,91.78,1.08,dry,VOC
13.3,SS,7.28,7.82,10.58,9.13,2.0,7.88,38.05,0.05,98.93,3.15,rainy,Dehydration
29.1,SS,8.84,3.61,11.24,9.78,2.0,8.16,37.12,0.0,94.98,1.33,rainy,Dehydration
35.4,SS,9.49,0.0,9.1,4.37,2.0,3.08,37.18,5.26,99.14,89.32,rainy,AVN
19.8,SBeta-thal,7.54,4.81,14.55,4.91,2.0,62.45,38.0,5.14,88.56,2.04,dry,ACS
34.5,SS,9.22,1.07,21.17,10.26,1.0,68.14,39.03,6.11,89.72,4.27,dry,ACS
35.8,SS,7.66,8.03,7.99,4.57,2.0,6.28,36.67,5.45,95.28,61.09,rainy,AVN
16.7,SS,6.69,12.2,11.43,12.81,1.0,21.41,37.73,5.56,97.96,7.22,rainy,Other
16.9,SS,8.52,7.8,20.2,13.22,3.0,35.51,38.66,7.75,98.85,3.76,rainy,Infection
27.4,SS,5.99,7.26,14.41,9.72,3.0,69.98,38.68,6.15,90.62,1.32, rainy,Infection
22.2,SC,7.37,7.28,11.64,3.92,6.0,5.66,37.95,1.01,96.83,2.77,dry,Dehydration
26.1,Hb-SS,6.77,2.57,12.89,11.27,6.0,49.25,39.85,7.75,98.27,4.01,dry,Infection
34.9,SC,7.64,3.17,8.98,13.5,1.0,0.0,36.49,4.9,93.51,5.53,dry,Other
18.9,SS,10.27,9.16,10.36,10.11,0.0,23.17,37.35,0.36,85.86,5.91,dry,Other
19.2,SS,8.2,5.46,11.1,7.44,4.0,54.69,37.18,5.0,91.21,2.15,dry,Other
10.7,SS,8.57,0.0,13.62,7.8,3.0,15.91,37.29,3.67,97.99,0.81,dry,VOC
16.2,SS,7.78,8.83,17.25,7.07,6.0,57.25,38.56,4.17,90.79,1.45,rainy,ACS
13.5,HBSS,8.61,6.56,9.6,2.72,0.0,8.58,36.69,5.8,97.65,72.95,rainy,AVN
54.6,SS,6.74,7.53,17.59,9.16,3.0,0.0,37.05,0.46,93.36,1.36,dry,VOC
29.5,SS,8.56,2.01,20.22,6.78,2.0,61.97,38.99,6.74,98.74,2.95,dry,Infection
11.8,SS,5.66,7.24,10.47 x10^9/L,10.83,1.0,65.43,38.47,5.94,92.13,3.93,dry season,Infection
25.2,SS,7.92,4.64,10.88,6.44,1.0,13.34,37.35,1.27,96.82,0.5,dry,Dehydration
23.9,SS,7.58,12.69,8.3,12.15,2.0,22.96,37.39,4.55,95.57,1.75,dry,VOC
23.5,SBeta-thal,8.2,4.82,15.74 x10^9/L,6.62,1.0,84.97,38.48,6.77,88.8,3.85,rainy,Infection
23.8,SS,7.74,0.0,12.4,7.74,1.0,21.09,37.4,5.87,92.03,6.59,rainy,Other
6.2,SS,8.29,4.62,21.61,6.26,2.0,36.44,39.37,2.99,95.74,1.04,dry,ACS
27.9,SC,8.24,6.38,10.15,7.82,2.0,9.41,36.01,0.99,94.12,1.26,dry,Dehydration
27.2,SS,7.56,7.23,28.16,8.82,1.0,52.01,37.0,4.26,92.08,1.47,dry,ACS
40.8,SS,7.79,4.62,13.15,9.39,0.0,76.96,37.82,5.73,97.88,0.5,dry,Infection
21.1,SS,7.26,7.26,10.0,5.2,2.0,73.13,38.3,3.76,150.0,1.55,dry,Infection
28.4,SS,10.05,0.75,5.98,6.94,2.0,0.0,37.03,3.38,97.21,49.9,rainy,AVN
38.7,SC,9.68,7.58,19.32,7.23,4.0,39.03,38.96,5.38,150.0,2.32,rainy,Infection
32.5,SC,9.26,5.72,12.0,15.76,3.0,22.49,36.85,,95.87,2.88,dry,VOC
21.8,SS,7.9,6.27,16.36,12.39,0.0,43.73,38.06,4.49,97.58,5.22,rainy,Infection
13.0,SS,7.66,6.79,9.34,10.65,3.0,3.78,36.68,6.62,91.08,1.89,dry,Other
40.8,SBeta-thal,7.06,6.6,14.32,4.48,2.0,26.79,37.07,4.37,96.76,1.02,dry,VOC
27.6,SS,7.14,8.85,13.78,,9.0,20.72,38.21,5.42,90.98,1.64,dry,ACS
12.8,SS,8.58,6.26,13.66,8.35,3.0,22.03,36.4,2.14,91.92,2.04,dry,VOC
29.0,SS,8.55,3.46,28.49,15.01,1.0,46.01,38.07,4.15,81.35,3.53,rainy,ACS
23.1,SC,9.14 g/dl,1.69,7.27 x10^9/L,8.29,0.0,9.82,36.89,5.5,97.23,79.68,DRY,AVN
24.0,SBeta-thal,7.5,0.15,8.53,13.42,0.0,29.84,37.08,4.31,93.09,10.38,rainy,Other
39.1,SS,7.36,,10.0,9.63,1.0,6.62,37.2,,96.39,70.3,dry,AVN
36.0,SC,8.25,8.52,12.01,12.69,0.0,30.91,37.13,2.53,100.0,14.54,dry,Other
18.7,SBeta-thal,7.97,2.14,5.0 x10^9/L,4.37,2.0,30.63,36.93,1.51,96.21,4.96,dry,Other
25.8,SS,6.8 g/dl,2.88,11.67,11.34,5.0,12.77,37.18,3.87,96.45,3.91,dry,VOC
18.5,SS,8.13,4.22,10.0,8.81,1.0,40.38,37.89,,93.15,1.55,rainy,ACS
17.4,SC,9.4,1.76,26.37,4.44,3.0,54.33,38.73,3.84,94.42,1.84,Rainy,Infection
40.3,SS,8.05,10.06,14.98,6.81,5.0,27.93,37.07,2.87,94.6,0.5,dry,VOC
18.9,SS,7.4,0.78,12.69,11.46,4.0,7.49,37.07,1.73,93.43,0.5,dry,Dehydration
15.9,SS,8.32,9.64,15.6,9.92,0.0,84.83,39.37,5.85,94.34,3.76,dry,Infection
34.7,SC,8.23,6.81,10.41,8.63,3.0,14.0,37.59,3.16,94.36,2.24,dry,VOC
19.5,sc,10.5,6.39,24.02,11.45,3.0,78.47,38.93,5.32,94.37,2.51,dry,ACS
13.6,SS,6.65,1.65,12.34 x10^9/L,7.05,2.0,10.42,36.98,1.36,97.52,1.24,dry,Dehydration
17.0,SS,6.62,5.6,11.67,6.25,1.0,0.0,36.88,5.27,94.68,4.4,rainy,Other
20.1,SBeta-thal,8.67,8.89,17.16,7.59,7.0,44.73,37.53,7.19,89.57,2.17,dry,Infection
18.9,SS,8.88,3.67,16.28,8.0,6.0,24.29,37.33,6.75,95.89,3.22,Dry,VOC
20.4,SS,8.0,9.63,9.24,4.49,2.0,,36.75,6.18,99.63,99.94,rainy,AVN
23.0,SS,9.28,4.85,13.21,4.95,3.0,5.04,37.19,8.1,90.91,4.8,rainy,Other
8.3,SS,9.26,0.0,19.88,8.84,3.0,94.7,38.39,6.93,83.75,3.02,rainy,ACS
42.4,SS,7.71 g/dl,8.06,18.19,7.35,6.0,54.93,38.53,6.23,93.56,1.71,rainy,ACS
29.2,SS,9.06,5.8,9.51,5.33,2.0,4.1,36.5,1.26,98.8,0.5,rainy season,Dehydration
15.4,SC,8.12,,14.57,5.03,2.0,24.4,38.0,5.21,88.18,3.41,rainy,ACS
36.8,SS,5.96,3.01,13.61,9.84,1.0,83.52,38.6,7.11,90.9,0.6,rainy,Infection
33.5,SBeta-thal,8.75,10.85,24.48,9.84,3.0,71.97,38.4,7.73,94.9,3.2,rainy season,Infection
11.7,SS,7.5,1.03,9.86,6.45,2.0,19.96,37.14,5.07,96.82,2.74,rainy,VOC
25.3,SBeta-thal,7.96,3.96,12.45,3.1,0.0,0.54,37.42,4.39,96.51,7.0,rainy,AVN
17.5,SS,8.74,1.21,8.93,6.89,3.0,7.74,37.67,4.84,100.0,4.71,rainy,Other
18.6,SS,8.13,1.8,19.54,7.97,1.0,78.36,37.84,3.65,96.8,4.63,rainy,Infection
39.5,SS,7.69,0.0,7.62,6.98,0.0,0.0,37.3,5.79,97.58,55.49,dry,AVN
31.8,SS,7.21,7.31,11.28,10.0,2.0,60.64,38.03,0.39,88.21,2.2,dry,ACS
16.1,SC,7.11,5.45,19.94,4.79,7.0,36.95,39.15,8.03,92.73,3.89,rainy,ACS
16.6,SS,6.6,4.91,10.82,9.86,0.0,10.92,36.94,3.06,99.09,1.89,dry,Dehydration
21.3,SS,6.57,4.41,13.4,7.81,2.0,62.68,38.63,1.89,89.09,0.5,dry,ACS
35.9,SS,8.84,0.0,9.41,10.15,3.0,7.8,37.31,3.88,97.34,1.52,dry,Dehydration
27.0,SS,9.41,6.97,16.71 x10^9/L,7.11,3.0,9.19,36.51,1.96,91.32,0.73,dry,VOC
34.0,SS,7.38,6.1,15.91,5.88,2.0,33.7,37.26,4.21,94.9,1.8,rainy,Other
23.4,SS,8.78,9.02,13.5,9.12,2.0,11.23,37.41,7.8,94.61,0.5,dry,Other
40.2,SBeta-thal,7.0,5.67,12.89,5.59,1.0,22.39,37.01,3.99,95.79,2.27,rainy,VOC
11.3,SBeta-thal,10.47,7.62,14.38,7.53,3.0,17.44,37.56,6.55,92.2,5.17,rainy,Other
26.5,SS,8.01,7.35,22.33,4.16,3.0,17.21,37.97,3.97,89.58,2.04,rainy,ACS
19.2,SS,8.25,4.93,19.29,10.08,3.0,0.0,37.41,4.68,95.05,1.2,dry,Other
16.2,SS,7.15,8.0,16.26,9.92,2.0,22.48,36.27,3.9,92.02,0.5,dry,VOC
36.5,SC,6.78,9.26,5.0,8.57,1.0,8.04,36.99,6.31,96.87,62.85,dry,AVN
28.6,SS,8.68,0.26,13.91 x10^9/L,7.09,3.0,5.03,37.3,2.81,98.67,2.4,dry,Dehydration
23.2,SS,5.62,9.1,9.45,9.83,4.0,16.11,36.92,5.36,97.58,2.73,rainy,VOC
24.8,SS,5.82,9.15,21.3,9.46,3.0,48.45,38.78,4.78,91.27,1.16,dry,ACS
36.6,Hb SS,7.6,4.93,21.18,6.68,2.0,51.77,38.21,5.03,97.82,1.49,rainy,Infection
24.7,SC,7.62,2.8,21.17,12.4,4.0,24.26,38.5,7.95,93.19,0.99,DRY,ACS
17.1,SC,9.88 g/dl,3.03,7.78,8.0,1.0,7.81,37.82,3.05,97.64,0.92,dry,Dehydration
43.2,SS,8.0,6.04,14.21,7.93,3.0,,36.31,4.75,96.98,2.63,DRY,VOC
28.9,Hb-SS,9.04,3.41,16.96,7.82,1.0,35.13,37.0,2.86,90.85,2.52,dry,ACS
22.8,SBeta-thal,7.45,9.7,14.66,9.62,1.0,24.74,37.37,7.24,96.72,3.09,dry,VOC
15.7,SC,8.72,1.9,18.7,7.71,3.0,73.67,38.08,3.12,87.01,2.89,rainy,Infection
34.4,SS,8.86,6.92,9.15,6.87,1.0,7.37,37.1,4.98,98.55,26.96,rainy season,AVN
28.7,Hb SS,9.21,10.97,12.73,12.58,2.0,12.24,36.49,3.22,92.12,4.65,dry,Other
26.0,SS,6.57,5.61,12.46,8.69,0.0,45.52,38.68,6.86,89.83,2.22,rainy,Infection
24.4,ss,8.47,9.49,22.65,7.2,7.0,32.42,39.63,3.34,93.54,0.97,rainy,ACS
14.2,SS,7.56,10.39,13.06,5.9,2.0,0.0,36.4,,97.67,0.5,rainy,Other
18.2,HBSS,8.19,5.02,8.67 x10^9/L,6.28,3.0,9.22,37.01,1.58,96.99,0.98,dry,Dehydration
39.5,SS,7.39,4.89,8.76,7.19,0.0,7.0,36.72,3.23,99.47,57.84,dry,AVN
27.9,SC,8.77,5.28,11.87,6.6,4.0,28.54,36.71,,95.74,2.5,rainy,VOC
31.4,SS,8.34,0.65,13.25 x10^9/L,7.61,6.0,16.62,36.56,5.21,96.12,0.5,dry,VOC
31.9,SS,8.28,5.28,11.64,8.42,2.0,16.57,37.34,3.29,97.64,0.95,dry,Dehydration
21.4,SC,7.66 g/dl,0.0,11.8,7.77,1.0,,37.11,6.1,100.0,6.01,rainy,Other
41.1,SS,9.81,6.98,11.01,4.42,0.0,,36.66,6.2,96.26,50.17,rainy,AVN
39.6,Hb-SS,9.7,1.6,20.98,6.77,2.0,73.31,38.73,5.74,96.32,3.46,rainy,Infection
40.3,SS,7.64,6.28,19.05,12.67,1.0,39.92,37.09,6.05,92.72,1.37,dry,ACS
30.8,SS,9.48,5.01,16.53,8.51,3.0,25.65,38.23,3.76,92.1,2.06,dry,ACS
24.7,SBeta-thal,9.38,5.49,11.66,6.07,1.0,7.43,36.75,7.92,98.1,43.14,dry,AVN
3.2,SS,8.2,9.74,6.0,8.01,1.0,9.59,37.45,0.73,96.91,1.32,dry,Dehydration
27.8,SC,10.2,8.41,15.0,4.5,3.0,49.62,38.92,6.3,93.48,3.95,dry,Infection
28.1,Hb-SS,8.1,8.4,11.37,7.79,2.0,8.26,37.55,2.84,97.13,2.59,dry,Dehydration
22.9, SC ,6.69,,10.86,8.08,1.0,,37.83,0.82,96.25,3.6, dry,Dehydration
20.6,SS,8.19,,15.76,5.6,2.0,11.54,37.1,0.54,94.04,0.88,dry,Dehydration
30.7,SBeta-thal,5.47,4.81,13.54,9.92,2.0,42.02,38.26,5.28,92.4,1.58,rainy,ACS
13.4,SS,7.02,7.46,15.42,12.69,4.0,11.91,37.11,2.59,94.24,2.76,dry,VOC
47.1,SS,6.92,4.89,9.4,5.64,0.0,7.03,37.58,7.48,99.05,15.02,dry,AVN
17.4,SS,7.43,,20.02,8.26,5.0,13.41,38.7,2.52,93.12,0.5,dry,ACS
28.5,SS,7.9,4.73,12.76,4.78,1.0,7.02,37.16,2.87,95.24,3.56,rainy,VOC
25.3,SS,10.15,0.0,14.91,5.26,3.0,17.66,36.27,1.28,94.66,10.74,rainy,Other
20.3,HBSS,7.15,7.37,21.12,16.14,1.0,33.35,37.58,3.68,91.33,2.74,dry,ACS
45.5,SS,9.49,6.68,8.89,7.65,2.0,13.54,37.77,0.98,96.61,1.0,dry,Dehydration
21.6,SS,8.72,5.53,10.53,7.28,1.0,5.21,37.61,2.99,99.68,0.9,dry,Dehydration
,,,,,,,,,,,,,
9.7,SS,9.11,0.0,6.88,10.57,2.0,,36.0,4.33,97.82,7.44,dry,Other
15.0,SC,8.3,6.97,20.16,11.41,4.0,0.0,36.67,4.94,91.32,4.84,rainy,Other
29.0,SC,8.28,7.31,12.87,6.87,1.0,11.36,38.02,3.49,97.43,12.14,rainy,Other
37.6,SC,8.33,0.0,10.67,6.48,0.0,6.11,36.99,6.25,96.1,28.87,dry,AVN
16.2, SS ,8.55,0.0,16.57,2.0,4.0,23.22,36.23,6.53,95.89,0.57,rainy,VOC
33.0,SS,8.07,5.52,13.84,10.19,1.0,3.48,37.63,0.88,98.23,2.05, dry,Dehydration
32.3,SS,7.57,7.55,25.12,11.37,3.0,11.63,37.53,2.66,85.92,1.15,dry,ACS
24.7,SC,8.53,5.85,8.15,6.92,2.0,11.38,36.91,0.86,96.62,3.0,rainy,Dehydration
15.6,SS,8.84,4.24,5.5,4.39,0.0,12.22,37.21,4.87,97.71,7.0,rainy,AVN
28.9,SS,5.74,6.46,19.75 x10^9/L,4.35,5.0,14.96,37.67,3.79,85.99,3.47,dry,ACS
14.0,SS,10.07,5.99,19.13,5.55,2.0,64.28,38.92,6.45,99.11,6.05,dry,Infection
20.9,SC,8.61,0.0,15.99,10.06,1.0,3.45,37.65,3.35,96.2,4.27,rainy,Other
27.7,SC,8.82,,13.95,6.0,0.0,3.32,37.28,6.82,97.63,19.32,rainy,AVN
5.0,sbeta-thal,7.76,8.61,10.34,6.19,3.0,26.19,36.65,5.99,97.47,2.23,Dry,Other
24.3,SS,8.48,1.17,10.4,8.6,1.0,3.48,36.7,9.2,95.5,13.02,dry,AVN
28.5,SS,7.96,11.12,28.84,4.99,1.0,52.93,39.14,6.56,95.43,3.79,rainy,Infection
30.2,SC,8.47,3.07,8.6,5.22,1.0,0.0,37.02,5.0,96.12,67.79,dry,AVN
12.9,ss,9.79,3.92,14.69,2.45,4.0,0.0,37.88,6.93,95.93,5.22,dry,Other
30.9,SS,7.02,3.83,11.93,5.59,4.0,23.47,36.48,4.13,98.05,1.5,rainy,VOC
31.5,SS,8.62,5.89,13.59,6.04,3.0,27.57,37.63,2.7,95.3,2.58,dry,VOC
34.4,SS,8.13,5.22,12.8,9.74,2.0,32.22,38.81,5.87,95.35,1.98,rainy,Infection
17.9,SS,7.47,0.49,14.8,6.13,1.0,30.73,38.78,5.78,97.4,2.8,dry,Infection
27.0,SS,5.16,7.87,18.5,10.97,1.0,62.0,37.42,4.73,88.15,2.05,rainy,ACS
2.0,SS,8.06,8.73,11.17,8.84,2.0,51.04,38.27,7.09,88.44,1.91,dry,ACS
39.1,SS,9.37,7.16,6.2,2.0,1.0,5.91,37.21,8.97,99.12,69.06,rainy,AVN
37.6,SBeta-thal,8.31,1.86,9.05 x10^9/L,5.13,0.0,9.04,36.77,3.62,95.83,31.03,rainy,AVN
27.9,SS,9.45,7.84,999.0,9.65,4.0,54.08,38.65,5.97,91.24,4.0,Dry,ACS
26.4,SS,8.76,9.3,14.57,11.37,6.0,51.61,38.47,2.41,86.88,0.95,rainy,ACS
36.7,SS,7.61,5.29,8.3,9.97,8.0,16.79,37.0,5.01,94.6,1.89,rainy,VOC
17.5,SS,8.19,1.66,12.8,9.66,11.0,30.98,36.53,2.99,96.47,3.93,rainy season,VOC
18.0,ss,10.5,9.45,26.02,14.46,1.0,29.19,39.58,2.76,85.4,0.99,rainy,ACS
15.4,SS,9.35,4.68,26.05,7.39,5.0,40.34,38.15,3.67,87.6,0.5,rainy,ACS
21.3,SS,7.9,5.76,12.44,9.63,3.0,21.93,37.1,5.41,93.14,4.14,dry,VOC
37.2,SS,7.1,2.39,9.78,7.83,1.0,5.04,36.74,3.85,95.97,100.53,rainy,AVN
8.4,SC,8.66,7.83,7.25,8.73,3.0,4.54,37.36,7.1,93.2,15.68,rainy,Other
18.9,SS,6.95,3.61,13.63,9.98,2.0,18.92,36.9,4.61,96.22,2.26,dry,VOC
14.8,SC,8.2,5.54,20.37,5.49,4.0,65.5,37.85,4.39,92.74,5.66,rainy,Infection
21.1,SS,8.37,10.25,25.02,9.31,2.0,47.84,38.48,3.54,94.03,0.53,rainy,ACS
25.3,SS,9.53,6.43,9.56,7.01,2.0,8.91,37.28,1.18,93.8,0.5,rainy,Dehydration
34.9,SC,9.02,4.36,19.98,9.25,2.0,56.4,38.78,3.37,97.62,3.23,rainy,Infection
13.0,Hb SS,8.41,6.71,9.04,7.32,2.0,3.25,36.88,2.31,96.18,0.5,dry,Dehydration
22.0,ss,7.56,5.63,19.21,9.4,4.0,41.13,37.53,2.74,96.0,2.25,rainy,ACS
26.9,SS,8.23,8.73,7.46,7.05,0.0,6.27,37.07,5.6,98.19,44.27,rainy,AVN
13.3,SS,7.28,7.82,10.58,9.13,2.0,7.88,38.05,0.05,98.93,3.15,rainy,Dehydration
19.2,SC,6.6,7.72,5.0,9.35,1.0,9.0,36.63,4.04,95.58,7.31,dry,Other
28.2,SS,7.98,2.49,10.77,11.27,1.0,13.79,36.35,2.49,97.91,1.23,rainy,Dehydration
32.9,S/beta-thal,6.31,6.83,16.78 x10^9/L,8.33,2.0,40.2,40.05,5.57,84.97,0.5,dry,ACS
21.8,SS,7.46,5.47,13.27,10.51,5.0,21.32,37.39,6.83,99.56,0.96,dry season,VOC
24.3,SS,7.77,7.77,17.0 x10^9/L,6.31,3.0,36.92,38.92,4.94,96.0,1.7,rainy,ACS
4.1,SC,6.39,7.76,8.89,2.14,3.0,35.24,37.36,3.65,89.26,15.04,rainy,Other
33.0,Hb SS,6.5,0.0,11.37,15.05,6.0,21.33,37.14,5.7,94.62,3.08,rainy,VOC
10.9,SS,7.23,4.27,13.94,7.77,5.0,20.03,37.68,8.58,93.94,2.08,rainy,VOC
26.7,SC,7.84,2.21,7.35,8.67,1.0,6.63,36.73,0.0,100.0,2.03,rainy,Dehydration
22.5,SS,9.36,3.72,7.39,4.8,3.0,14.82,37.37,8.14,94.37,41.22,Rainy,AVN
32.9,SS,7.03,8.07,17.99,6.79,1.0,72.78,37.75,3.71,94.18,5.42,DRY,Infection
34.2,SBeta-thal,10.72,8.75,10.03,5.5,0.0,14.3,37.45,9.25,95.65,14.11,rainy,Other
22.4,SS,5.0,4.4,20.93,10.13,3.0,54.82,38.57,3.69,92.75,1.41,dry,ACS
30.3,SS,7.63,1.0,15.7,7.18,3.0,21.06,36.91,,95.6,0.5,rainy,VOC
37.5, SS ,9.36,11.13,9.25,3.32,0.0,0.0,37.45,7.25,96.19,7.26,dry,Other
28.4,SS,6.53,6.57,22.85,8.67,1.0,42.91,37.6,4.73,89.01,2.64,rainy,ACS
21.6,SS,8.18,,17.08,11.09,1.0,5.49,36.74,2.83,95.22,0.5,dry,VOC
16.2,SBeta-thal,6.88,8.67,11.91,7.61,2.0,14.86,38.04,1.17,96.83,2.55,rainy,Dehydration
13.7,SBeta-thal,8.79,2.11,13.64,5.8,0.0,9.58,36.42,3.76,92.79,4.94,rainy,Other
20.4,SS,8.21,7.38,19.85,7.87,3.0,48.41,38.43,,86.49,1.26,dry,ACS
10.2,SS,9.06 g/dl,2.22,19.57,8.29,0.0,64.43,38.04,3.74,96.79,2.06,rainy,Infection
32.1,HBSS,7.48,7.72,18.17,11.54,5.0,54.22,38.56,5.15,92.89,3.65,dry,Infection
28.3, SS ,9.2,6.2,12.82,7.86,2.0,43.9,38.5,4.34,92.01,2.52,dry,ACS
10.4,SS,6.68,2.32,16.22,14.37,4.0,30.03,38.84,3.36,91.45,3.68,dry,ACS
10.2,SS,7.93,0.83,21.28,5.28,1.0,50.03,38.86,3.28,96.56,2.25,dry,Infection
31.4,Hb SS,8.87,9.33,11.14,10.48,3.0,11.48,37.79,1.75,96.77,0.81,rainy,VOC
25.9,SBeta-thal,8.3,3.62,17.25,3.79,1.0,,37.86,3.97,97.89,3.88,rainy,Infection
21.3,SBeta-thal,8.24,7.82,6.6,6.8,6.0,,37.33,0.0,96.15,2.52,rainy,Dehydration
45.6,SS,8.24,6.27,10.73,6.58,0.0,10.27,37.64,2.71,98.34,3.08,dry season,Dehydration
24.3,Hb-SS,9.82,5.98,16.19,11.66,1.0,48.56,38.8,5.46,93.34,3.19,rainy,Infection
3.8,SBeta-thal,6.43,9.31,18.97,3.65,0.0,18.38,36.0,2.35,95.53,6.6,dry,Other
16.1,SS,8.08,1.75,20.07,8.93,5.0,21.58,37.23,2.69,98.56,0.99,dry,VOC
31.1,SS,5.4,8.48,24.1,13.65,2.0,64.65,37.68,1.49,87.33,3.28,RAINY,ACS
24.1,SS,8.42,0.19,15.0,6.54,3.0,21.65,36.46,3.77,94.83,1.94,dry,VOC
37.2,SS,7.4,13.64,19.68,10.17,4.0,65.87,38.72,3.25,87.81,0.5,dry,ACS
11.0,SS,9.61,5.0,20.14,6.07,4.0,31.6,39.12,6.06,87.31,2.68,rainy,ACS
30.2, SS ,7.89,3.48,10.53,10.63,7.0,21.97,37.09,5.72,96.14,2.35,rainy,VOC
50.6,SS,7.66,0.77,13.21,9.14,0.0,7.53,37.12,5.75,95.06,7.0,rainy,AVN
28.0,SBeta-thal,7.39,3.88,18.76,10.26,3.0,54.83,38.27,7.75,93.65,2.56,dry,Infection
36.9,SS,8.26,5.92,9.25,6.21,1.0,8.57,37.48,5.14,96.41,31.94,Dry,AVN
28.0,SS,8.11,11.84,21.95,12.15,4.0,46.96,37.86,4.84,88.39,2.7,dry,ACS
6.0,SS,7.23,5.36,12.19,10.88,2.0,92.28,37.46,3.2,91.48,0.99,dry,ACS
29.5,SS,8.8,3.85,13.7,7.49,2.0,27.26,37.72,6.1,90.1,1.14,rainy,Other
6.4,Sbeta thal,8.39,7.51,10.81,8.91,4.0,5.57,37.18,2.68,96.7,2.62,rainy,Dehydration
16.8,Hb-SS,7.58,9.61,19.45,13.6,4.0,40.92,38.67,4.61,91.22,2.86,dry,ACS
32.7,SS,8.88,10.52,15.55,2.58,2.0,22.14,36.0,7.64,99.13,5.65,rainy,Other
20.9,SC,7.99,2.29,13.9,12.02,1.0,39.65,38.18,5.81,89.58,1.26,dry,ACS
29.5,SS,7.88,10.14,16.63,10.19,5.0,9.49,37.17,5.22,99.9,1.2,rainy,VOC
20.2,SS,7.36,,12.1,,2.0,23.35,37.16,1.99,97.31,0.7,dry,VOC
27.3, SC ,7.89,6.52,13.1,2.0,1.0,44.31,37.12,3.32,95.81,5.3,dry,Other
29.0,SS,7.44,,15.97,6.93,0.0,21.94,36.23,4.4,95.14,1.84,dry,VOC
22.5,SS,6.75,7.0,13.56,10.72,1.0,19.45,36.98,5.24,94.55,2.44,rainy,VOC
19.1,SBeta-thal,9.19,8.4,11.4,6.75,2.0,20.87,36.35,5.05,98.79,8.78,rainy,Other
35.2,SS,8.37,3.13,12.14,10.33,2.0,0.0,36.66,7.47,93.48,9.56,dry,Other
16.8,SBeta-thal,7.63 g/dl,1.87,11.11,7.18,4.0,8.47,36.54,2.81,94.73,0.6,dry,VOC
40.5,SS,10.02,2.4,16.91,8.01,2.0,46.02,37.43,3.28,91.97,4.81,dry,Other
25.4,SC,8.28 g/dl,4.31,6.6,7.13,0.0,3.72,36.79,4.44,95.74,51.18,dry,AVN
24.7,SC,7.93,7.17,14.48,5.94,1.0,4.12,37.29,1.95,95.03,1.67,rainy,Dehydration
29.4,SBeta-thal,6.92,8.89,9.07,9.37,1.0,24.71,37.01,5.3,94.7,0.5,rainy,Other
15.6,Hb SS,7.33,10.12,10.89,11.28,1.0,19.56,37.69,7.52,93.39,8.97,rainy,Other
9.0,SC,8.59 g/dl,5.03,21.82,9.76,2.0,31.28,39.0,5.46,95.7,2.78,rainy,Infection
28.4,SC,7.97,8.56,20.49,4.75,1.0,58.72,37.5,5.48,95.78,2.58,dry,Infection
14.2,SS,8.38,7.14,14.58,13.69,9.0,30.4,37.79,4.58,96.13,1.55,dry,VOC
27.4,SC,6.0,,19.3,9.39,0.0,8.04,37.37,4.97,92.61,3.02,dry,Other
23.2,SC,8.31,0.28,9.74,3.77,1.0,3.71,37.35,3.64,95.88,7.0,dry,AVN
15.9,SBeta-thal,7.36,5.69,11.49,6.52,1.0,2.32,37.13,7.82,98.6,61.38,rainy,AVN
48.8,SC,6.79,1.76,14.69,7.35,2.0,4.06,37.49,1.88,97.65,1.84,Dry,Dehydration
19.5,SBeta-thal,9.57,0.0,17.9,10.03,1.0,92.9,38.83,0.24,83.91,2.24,dry,ACS
29.7,SS,8.41,9.55,19.33,6.75,2.0,38.54,38.23,5.75,86.41,2.96,rainy,ACS
18.1,S/beta-thal,8.24,5.55,14.3,9.15,4.0,12.79,36.76,4.52,97.59,2.22,rainy,VOC
22.9,SS,8.22,9.21,16.57,7.86,2.0,11.82,37.48,1.5,98.35,1.52,dry,Dehydration
28.9,SS,6.26,12.82,17.07,8.87,0.0,74.94,38.62,5.39,90.16,3.11, rainy,Infection
12.3,HBSS,7.44,5.97,13.36,4.75,2.0,35.42,39.02,4.09,92.77,2.41,dry,Infection
22.9, SS ,9.46,2.65,19.2,11.73,3.0,44.66,37.28,5.41,85.09,2.16,dry,ACS
30.5,SS,8.72,3.45,9.08,8.82,4.0,15.54,36.38,2.13,96.02,4.38,rainy,VOC
21.9,SS,7.47,4.78,13.89,11.92,7.0,54.95,38.13,1.85,86.41,2.02,dry,ACS
10.0,SBeta-thal,6.79,7.88,15.97,8.02,4.0,64.09,38.89,1.12,100.0,3.79,dry,Infection
31.7,SS,9.57,5.17,12.92,12.34,1.0,2.04,36.34,7.75,96.47,66.88,RAINY,AVN
24.0,SS,7.68,2.66,20.11,8.03,1.0,43.81,38.26,6.41,96.95,1.3,dry,Infection
33.7,ss,9.61,0.0,5.0,,2.0,21.64,37.11,6.03,96.0,6.12,dry,Other
24.7,SBeta-thal,6.19,4.88,19.49,12.36,4.0,37.25,39.18,6.82,95.69,2.51,rainy,Infection
36.6,SS,8.17,3.5,14.57,6.3,3.0,59.87,38.06,6.28,94.23,1.91,dry,Infection
18.9,SS,7.51,,6.0,7.91,5.0,21.61,37.11,6.96,150.0,2.6,rainy,VOC
28.5,SS,7.73,7.63,12.47 x10^9/L,6.49,4.0,8.07,36.93,2.89,96.08,0.85,dry season,Dehydration
33.6,SS,11.0,5.62,13.21,8.48,3.0,,37.0,6.74,95.29,6.61,rainy,Other
18.9,SC,8.19,4.29,15.9,8.73,2.0,57.55,39.43,5.2,97.3,0.5,rainy,Infection
18.8,SC,8.24,10.73,10.18,6.32,5.0,30.47,37.57,6.68,89.47,0.6,dry,Other
18.9,SC,9.7,6.62,11.47,8.51,2.0,50.47,38.66,5.85,97.85,3.13,dry,Infection
25.9,HBSS,8.91,0.0,18.66,7.03,5.0,26.54,37.63,4.44,96.57,6.27,rainy,Other
12.6,SS,8.01,1.64,19.39,7.77,2.0,46.31,38.5,2.38,88.89,1.2,rainy,ACS
12.4,SC,7.04,1.05,18.53,6.97,2.0,34.28,38.25,6.94,98.24,4.65,rainy,Infection
25.6,SS,5.71,10.27,17.41,9.1,3.0,48.67,38.52,2.48,88.48,3.08,DRY,ACS
16.9,SS,6.47,13.09,27.2,13.83,2.0,10.0,39.09,3.76,94.55,1.54,dry,ACS
13.7, SS ,6.85,4.6,14.81,6.75,1.0,34.69,39.54,6.39,99.49,2.76,rainy,Infection
31.3,SS,9.16,5.95,10.1,,1.0,8.76,36.78,7.15,95.02,34.23,rainy,AVN
29.2,SS,8.51,4.61,16.69,4.69,6.0,35.63,39.64,5.71,150.0,5.08,Dry,Infection
45.9,SS,8.47,3.07,21.65,4.61,1.0,94.09,39.74,4.69,93.31,0.54,rainy,Infection
30.4,SC,8.57,5.12,12.03,3.92,0.0,5.53,36.99,5.85,93.57,3.84,rainy,Other
21.7,SS,8.21,7.15,14.73,13.18,2.0,71.14,39.04,7.56,92.9,4.61,rainy,Infection
27.9,SS,6.85,8.07,10.42,3.73,1.0,8.71,36.89,5.37,96.72,8.0,dry,AVN
50.1,SS,9.61,6.31,12.34,5.25,0.0,5.74,37.41,3.96,95.56,50.91,dry,AVN
26.7,SS,7.03,7.69,13.06 x10^9/L,2.26,4.0,9.49,37.14,7.71,99.25,2.43,dry,VOC
36.5,SBeta-thal,8.33,4.21,5.0,2.69,5.0,11.77,37.26,6.98,97.27,7.83,dry,Other
13.8,SS,6.6,6.62,9.42,6.6,0.0,3.43,36.8,1.47,97.17,2.66,dry,Dehydration
7.8,SS,8.29,7.86,14.31 x10^9/L,11.94,6.0,24.25,36.37,4.56,93.83,2.61,dry,VOC
16.4,SC,6.59,1.26,16.66 x10^9/L,7.56,1.0,46.98,38.36,5.77,93.35,5.22,rainy,Infection
20.0,SS,7.65,4.77,13.48,9.68,2.0,12.05,37.36,2.11,97.8,0.9,dry,Dehydration
40.2,SS,7.14,0.61,10.51,10.21,1.0,1.06,36.78,5.85,96.26,12.36,dry,AVN
22.7,SS,7.86,4.37,14.05,4.84,1.0,5.96,37.59,7.19,96.11,0.98,rainy,Other
19.1,SS,8.13,4.77,9.67,8.17,6.0,16.19,37.22,6.53,94.58,2.7,dry,VOC
36.7,SS,7.49,6.03,7.03,8.64,4.0,18.69,37.88,5.79,94.96,1.01,rainy,Other
52.2,SS,6.13,6.94,20.93,12.28,2.0,53.3,37.15,6.69,86.44,2.63,dry,ACS
20.5,SS,9.02,5.43,16.6 x10^9/L,10.83,4.0,44.55,39.73,6.26,96.33,5.64,rainy,Infection
30.5,SBeta-thal,8.81,1.86,14.5,7.49,2.0,28.07,38.45,5.38,93.02,3.12,rainy,Infection
40.1,SS,6.66,4.01,16.96,,1.0,62.48,38.42,2.42,86.3,2.06, rainy,ACS
25.2,SS,8.39,4.07,9.75,7.34,1.0,,37.38,6.19,95.57,51.94,dry,AVN
19.6,SS,8.79,8.31,22.04,12.47,5.0,45.85,37.53,1.01,85.49,2.83, rainy,ACS
22.1,SS,9.33 g/dl,2.83,5.0,6.11,3.0,20.66,37.79,4.33,96.33,6.15,rainy,Other
56.2,SS,8.0,4.12,16.39,6.13,0.0,,38.53,2.14,93.13,0.72,rainy,Infection
8.3,ss,8.43,6.67,22.63,12.6,3.0,55.36,38.95,6.98,96.56,2.82,rainy,Infection
35.2,SC,8.41,4.58,10.46,11.57,3.0,10.58,37.06,,97.57,1.78,rainy,VOC
27.0,SS,6.74,10.08,13.1,15.38,5.0,33.29,37.53,3.99,86.3,3.24,rainy,ACS
19.9,SS,7.56,0.5,17.4,6.19,3.0,22.54,37.96,5.62,93.02,1.1,dry,ACS
34.2,ss,8.03,3.06,27.82,9.93,4.0,53.33,38.77,4.75,86.55,2.96,rainy,ACS
38.2,SC,8.51,,9.5,7.5,2.0,5.97,37.22,1.78,96.52,1.06,dry,Dehydration
25.9,SS,8.23,5.14,19.92,10.12,3.0,59.44,38.11,1.75,88.32,2.19,rainy,ACS
29.9,SS,8.98,6.84,10.91,6.84,2.0,0.0,36.79,2.88,99.15,0.5,rainy,VOC
18.7,SS,8.17,4.55,22.91,11.88,2.0,91.27,38.74,5.02,96.8,4.51,rainy,Infection
28.2,SS,7.04,5.44,20.35,6.75,4.0,49.93,38.22,,96.67,4.09,rainy season,Infection
37.1,SC,9.91,9.0,9.5,5.52,0.0,2.05,36.98,5.49,99.53,59.83,dry,AVN
26.9,SS,9.09,5.18,8.12,6.52,0.0,1.97,37.1,2.66,98.66,58.18,dry,AVN
6.0,SS,9.09,5.59,12.3,2.98,2.0,15.54,37.29,4.32,93.63,0.84,rainy,Other
28.0,Hb SS,7.7,4.42,12.26 x10^9/L,11.87,8.0,12.37,36.9,6.04,96.46,2.28, dry,VOC
2.0,SBeta-thal,7.82,8.69,12.02,4.02,2.0,10.88,37.9,2.5,97.03,2.65,dry,Dehydration
40.3,SS,8.38,4.55,17.94,4.96,1.0,49.45,37.5,3.47,98.66,4.25,rainy,Infection
17.2,SS,8.78,,10.32,7.77,2.0,1.05,36.44,1.55,97.84,1.14,rainy,Dehydration
40.1,SS,7.86,6.11,10.55,11.23,6.0,28.17,37.23,5.95,95.6,1.15,dry,VOC
34.9,SS,9.18,1.14,12.7,9.22,3.0,44.82,37.77,1.72,94.47,9.93,DRY,Other
18.8,SS,7.06,6.66,9.26,6.05,0.0,6.55,36.99,,94.5,27.49,dry,AVN
35.5,SS,10.04,5.53,9.4,7.69,0.0,10.07,37.04,2.16,98.22,9.03,dry,AVN
23.7,SS,8.62,3.08,12.0,10.9,2.0,37.52,38.81,6.47,88.08,0.97,rainy,ACS
33.1,SS,9.63,0.25,12.99,9.63,1.0,8.98,36.42,,95.92,2.66,rainy,Dehydration
11.7,SS,10.66,10.41,14.04,8.25,2.0,26.62,37.43,6.74,98.66,4.37,rainy,Other
29.2,Hb-SS,7.41,3.6,16.24,11.88,3.0,45.63,38.64,4.51,80.33,2.39,rainy,ACS
36.8,SS,8.16,2.46,10.13,8.64,1.0,9.06,37.6,,97.68,0.51,dry,Dehydration
3.5,SC,7.36 g/dl,8.6,7.73,14.28,1.0,27.35,36.11,3.91,100.0,3.72,rainy,Other
64.3,SS,8.3,2.11,15.45,7.47,1.0,90.56,39.35,5.21,91.98,5.01,rainy,Infection
37.0,SBeta-thal,9.73,4.7,16.29,6.14,0.0,18.3,36.94,1.17,99.01,1.97,dry,Dehydration
27.5,SS,8.23,4.43,16.61,12.28,1.0,87.22,38.97,9.32,93.87,3.19,rainy,Infection
30.8,SC,8.06,11.43,20.43,,2.0,62.36,37.19,,92.29,1.68,dry,ACS
6.7,HBSC,9.23,0.0,14.7,7.72,1.0,38.36,39.04,4.66,96.36,1.33,DRY,Infection
4.9,SC,7.17,6.01,16.63,13.51,6.0,55.23,39.38,5.63,89.01,3.02,dry,ACS
35.5,SS,8.63,,12.56,7.08,1.0,12.46,37.88,1.12,97.34,1.75,dry,Dehydration
20.6,SS,7.84,4.28,8.42,4.98,2.0,7.32,36.47,7.94,97.25,33.9,dry,AVN
18.2,SS,7.99 g/dl,7.44,17.32,10.83,2.0,14.71,37.4,6.43,97.3,0.5,rainy,VOC
11.7,SBeta-thal,8.03,3.64,21.5,7.85,2.0,43.74,38.6,6.78,93.97,3.78,DRY,Infection
33.5,Hb-SS,10.21,0.0,10.58 x10^9/L,7.85,0.0,8.9,37.03,6.27,95.9,35.3,rainy,AVN
25.4,SS,7.68,6.88,18.98,7.62,4.0,14.47,36.75,4.64,97.79,1.98,rainy,VOC
4.2,SS,6.92,2.41,23.78,9.52,2.0,62.79,38.62,,83.11,2.52,rainy,ACS
35.7,SS,9.71,8.57,10.99,6.19,1.0,5.35,36.71,8.66,95.05,40.07,dry,AVN
15.6,SS,8.36 g/dl,6.77,15.06 x10^9/L,13.31,7.0,,36.38,2.9,94.07,1.23,rainy,VOC
27.0,SC,7.99,3.47,13.58,7.54,1.0,10.6,37.44,5.84,97.31,0.5,dry,Dehydration
35.3,SS,8.47,6.14,11.94,6.09,1.0,5.47,36.66,6.72,99.15,77.22,DRY,AVN
33.3,Hb SS,6.86,7.48,17.18,4.98,4.0,46.99,39.7,4.91,95.22,4.14,dry,Infection
13.4,SBeta-thal,8.58,7.5,11.88,5.35,2.0,0.0,37.25,6.66,98.02,9.81,dry,Other
26.3,SC,8.12,3.87,7.46,8.24,0.0,7.8,37.19,6.07,97.73,68.73,Rainy,AVN
23.5,SC,7.96,3.39,21.42,7.97,1.0,,38.54,2.84,89.9,1.77,dry,ACS
25.0,SC,9.16,5.78,16.51 x10^9/L,12.97,4.0,45.76,37.88,4.41,98.13,2.08,dry,Infection
20.6,Hb SS,7.48,5.43,10.0,12.31,1.0,84.16,38.78,8.1,91.9,6.6,dry,Infection
20.4,SC,9.25,0.48,14.98,9.3,3.0,75.07,38.61,4.01,91.88,1.79,rainy,Infection
16.6,SS,8.51,5.53,16.32,5.16,2.0,37.45,39.15,2.79,87.63,1.69,rainy,ACS
5.0,SC,8.2,6.29,19.62,6.65,1.0,46.17,39.53,4.92,94.87,6.71,RAINY,Infection
39.8,SS,6.96,5.88,12.73,6.74,5.0,10.04,36.37,3.16,95.89,3.4,rainy,VOC
25.5,SC,7.83,8.5,10.96,7.19,3.0,,38.94,7.06,88.13,1.78,DRY,ACS
7.6,SC,9.5,7.43,15.09,8.86,2.0,16.24,37.24,6.74,92.75,9.35,rainy,Other
49.1,SS,7.64,15.88,19.68,4.55,1.0,73.18,38.47,4.71,99.02,3.85,rainy,Infection
32.5,SC,9.25,8.51,10.62,7.14,3.0,10.44,36.52,6.97,97.03,69.13,rainy,AVN
8.2,SS,8.49 g/dl,0.44,14.83,7.22,0.0,49.1,37.76,4.82,84.99,1.57,rainy,ACS
17.8,SS,6.38,4.92,14.7,7.26,7.0,11.43,37.22,4.77,96.55,3.59,dry,VOC
42.0,SS,8.9,7.74,6.68,7.17,3.0,4.01,36.35,7.07,92.39,10.07,rainy,Other
12.5,SC,7.77,5.69,9.43,7.53,2.0,6.31,37.34,2.53,96.87,48.44,rainy,AVN
10.5,HBSC,8.72,9.17,8.44,8.27,2.0,0.0,37.82,5.55,93.41,2.99,dry,Other
18.9,SBeta-thal,7.76,4.33,12.37,8.74,1.0,10.92,36.98,6.72,98.52,89.92,rainy,AVN
26.5,SS,10.09,3.6,19.96,6.41,2.0,23.01,37.05,3.61,92.46,0.66,rainy,Other
34.9,SC,8.9,6.61,12.39,7.77,2.0,62.64,37.79,5.53,96.43,4.36,rainy,Infection
20.9,SBeta-thal,7.83,6.24,12.0,8.28,3.0,0.19,37.25,2.98,94.93,1.77,rainy,Dehydration
18.8,SC,7.04,0.0,20.42,11.65,4.0,45.66,38.14,4.31,94.7,2.4,Rainy,ACS
36.2,SS,9.68,5.87,14.98,7.51,0.0,12.25,37.12,1.55,94.82,3.12,dry,Dehydration
17.3,SS,6.96,6.53,13.91,9.18,4.0,17.68,36.97,0.0,95.42,1.99,rainy,Dehydration
21.8,SC,9.24,6.06,10.46,9.35,4.0,,37.79,0.74,99.15,1.97,Dry,Dehydration
39.8,SC,7.47,9.96,10.82,7.37,4.0,5.9,37.33,3.78,96.55,0.81,dry,Dehydration
28.0,SC,7.55 g/dl,7.41,13.88,9.02,0.0,54.34,38.96,7.22,95.23,1.78,dry,Infection
28.5,SS,8.01,7.97,10.82 x10^9/L,9.1,2.0,27.55,37.15,2.12,92.92,1.87,dry,VOC
29.1,SS,9.54,4.58,12.75,8.03,6.0,57.64,37.92,4.77,88.01,2.73,dry,ACS
33.8,SC,8.03 g/dl,2.02,20.65 x10^9/L,9.95,2.0,67.4,38.74,3.01,95.77,2.17,dry,Infection
20.4,SS,8.04,5.99,16.14,11.97,2.0,,37.0,6.28,94.88,2.97,rainy,VOC
13.5,Hb SS,10.83,4.54,10.99,4.88,1.0,,37.84,1.49,96.55,3.21,dry season,Dehydration
18.9,SS,7.0,8.92,14.56,6.73,2.0,78.33,38.28,6.92,91.28,1.99,dry,ACS
19.4,SBeta-thal,9.06,9.15,8.4,6.12,2.0,5.55,37.15,1.05,96.73,2.61,rainy,Dehydration
20.4,SS,9.04,0.0,14.5,5.63,0.0,14.63,37.56,4.95,99.32,8.96,dry,Other
34.1,SS,8.2,6.62,11.96,9.2,2.0,9.47,36.7,3.87,94.9,1.15,dry,Dehydration
8.7,SC,9.58,3.87,5.0,7.02,3.0,17.26,38.36,3.55,99.34,9.84,dry,Other
16.5,SS,7.49,5.39,15.94 x10^9/L,12.06,5.0,38.64,37.56,4.93,79.68,2.27,rainy,ACS
54.0,SS,8.23,7.85,13.0,9.28,2.0,17.62,37.23,7.04,97.87,2.09,rainy,VOC
27.1,SS,8.51 g/dl,1.88,12.11,11.6,2.0,61.43,38.51,4.93,84.91,2.5,RAINY,ACS
26.0,SS,8.43,4.88,10.38,,0.0,10.98,36.9,8.05,96.51,44.59,dry,AVN
34.2,SC,8.16,5.37,15.04,8.07,3.0,5.45,36.57,1.21,97.46,4.17,dry,VOC
40.9,ss,8.23,7.53,10.41,8.3,3.0,2.59,37.45,1.05,97.67,0.5,dry,Dehydration
21.7,SC,10.48,1.58,16.46,6.56,4.0,14.82,36.13,6.68,94.91,0.5,rainy,Other
24.0,ss,6.62,4.16,9.27,8.57,0.0,3.25,39.18,3.54,96.08,5.01,rainy,Other
3.8,SS,9.81,5.65,20.57,13.88,1.0,42.45,38.6,4.36,93.6,4.48,dry,Infection
22.9,SS,10.09,2.91,10.42,6.28,2.0,11.51,37.3,5.78,96.35,115.55,rainy,AVN
8.0,SBeta-thal,9.79,4.09,13.96,10.61,2.0,2.05,37.98,1.63,93.9,0.75,dry,VOC
29.0,SS,8.92 g/dl,2.69,17.79,9.41,4.0,24.78,37.74,2.47,91.14,2.11,rainy,ACS
31.9,SBeta-thal,7.66,7.37,16.55,10.15,3.0,21.64,39.13,2.13,91.94,2.06,rainy,ACS
28.3,SS,8.46,9.05,25.38,10.36,1.0,38.9,40.07,3.54,90.69,0.5,rainy,ACS
22.7,SC,9.97,4.44,16.7,3.85,1.0,59.46,37.91,,100.0,6.14, rainy,Other
27.8,SS,7.96,4.04,14.34,7.86,10.0,18.43,37.61,4.83,93.55,0.5,dry,VOC
49.5,SC,10.54,6.95,8.92 x10^9/L,6.36,0.0,4.32,37.4,1.84,96.56,65.03,RAINY,AVN
20.1,SC,8.33,1.92,11.41,4.68,2.0,1.27,36.91,5.82,97.55,7.0,dry,AVN
18.7,SS,7.62,,10.02,4.67,2.0,7.83,37.72,3.87,95.46,3.72,dry,VOC
23.5,SC,6.82,6.07,14.73,5.42,0.0,22.15,36.9,3.35,92.72,6.6,rainy,Other
32.5,SS,9.39,5.51,5.95 x10^9/L,9.2,0.0,3.89,36.91,4.81,95.21,49.12,rainy,AVN
16.5,SS,8.56,4.13,15.96 x10^9/L,11.89,4.0,12.46,36.65,4.71,94.86,1.8,dry,VOC
10.9,Hb-SS,8.44,3.69,22.13,6.05,2.0,38.74,37.27,4.52,91.78,9.84,dry,Other
28.5,SC,7.02,9.21,18.12,14.11,1.0,25.15,37.65,4.48,95.65,3.07,rainy,Other
31.5,SC,8.0,5.64,17.79,10.92,3.0,,38.17,4.86,99.62,4.51,rainy,Infection
41.1,SS,8.34,,15.16,8.6,1.0,13.62,37.07,,96.99,1.3,rainy,VOC
20.2,Hb-SS,9.49,8.91,16.9,9.89,3.0,106.87,39.47,6.78,95.62,3.25,rainy,Infection
16.0,SS,5.15,0.0,15.21,7.94,2.0,9.3,36.73,9.19,95.71,5.78,dry,Other
13.4,SS,8.47,4.62,14.0,7.09,1.0,5.68,36.65,3.84,95.1,0.5,dry,Other
18.8,SBeta-thal,8.52,10.91,11.05,6.1,3.0,10.87,36.5,9.83,93.37,6.18,rainy,Other
43.9,ss,9.07,1.13,11.91,4.72,4.0,8.44,37.38,4.34,95.88,37.82,dry,AVN
30.6,SS,6.48,4.88,8.56,8.77,2.0,4.87,36.92,6.39,97.55,63.06,rainy,AVN
22.8,SS,7.37,5.83,24.56,5.83,2.0,47.3,37.09,2.6,87.17,2.99,dry,ACS
25.9,SS,9.47,1.3,13.41,6.07,2.0,,36.99,6.78,95.52,14.92,rainy,AVN
20.0,SS,7.42,3.03,13.41,6.91,2.0,85.32,39.27,4.45,91.51,3.69,dry,Infection
12.9,Hb SS,8.11,3.04,23.35,11.66,4.0,28.45,39.81,7.42,93.73,1.46,dry,Infection
32.4,SBeta-thal,7.89,,10.45,8.79,1.0,10.54,37.04,5.14,98.05,61.54,dry,AVN
10.8,SC,8.48,5.71,999.0 x10^9/L,,1.0,51.69,39.23,6.93,97.55,0.5,dry,Infection
7.8, SS ,9.8,2.28,9.32 x10^9/L,5.74,2.0,11.26,37.73,3.32,95.32,2.89,rainy,Dehydration
10.1,SS,6.89,7.35,9.39,2.0,0.0,33.76,36.89,5.6,150.0,6.88,rainy,Other
33.2, SS ,9.28,,8.24,2.11,0.0,0.0,37.4,8.3,97.21,7.19,rainy,AVN
20.7,SS,6.24,2.35,21.66,8.34,3.0,68.09,38.82,4.55,88.92,2.37,dry,ACS
28.8,SS,7.58,7.13,10.9,11.18,2.0,9.54,37.82,1.37,97.28,1.4,dry,Dehydration
16.9,SS,10.28,6.89,15.66,7.78,3.0,0.52,36.1,2.35,98.65,1.95,rainy,VOC
42.9,SS,8.35,5.92,15.53,,5.0,0.0,37.24,2.87,94.67,2.75,dry,VOC
34.2,SS,7.78,4.12,12.61,11.0,2.0,10.9,37.13,2.0,97.29,0.5,dry,Dehydration
17.7,SC,8.2,7.89,13.4,11.05,4.0,27.35,37.1,1.41,94.57,2.93,rainy,VOC
30.5,SS,10.26,3.8,9.01,8.84,2.0,5.02,37.95,0.68,98.03,2.02,dry,Dehydration
30.3,SC,6.07,5.48,10.8,8.97,1.0,8.61,36.65,,150.0,29.86,rainy,AVN
18.4,HBSC,8.27,4.54,6.36,10.04,1.0,2.36,37.61,0.44,97.2,0.92,dry,Dehydration
39.7,SS,8.91,9.63,15.95 x10^9/L,8.33,4.0,5.07,37.05,3.62,96.38,0.5,rainy,Other
19.9,SBeta-thal,7.99,6.21,18.08,5.95,4.0,16.56,37.76,8.22,92.4,3.61,rainy,Other
43.7,SS,8.75,6.7,8.21,5.96,0.0,4.09,36.97,2.51,97.87,70.55,dry,AVN
28.2,SC,8.48,8.66,17.93,9.54,3.0,16.29,37.43,6.05,90.28,3.44, rainy,Other
36.9,SS,6.56,6.5,16.43,8.68,2.0,62.23,39.36,5.02,89.41,0.89,rainy,ACS
35.8,SC,7.22,0.0,11.53,4.33,2.0,10.09,37.11,6.06,97.46,7.0,rainy,AVN
7.5,SC,8.14,7.55,16.43,6.0,0.0,44.24,38.61,5.77,94.52,2.37,dry,Infection
31.1,SS,6.35,2.63,13.02,6.94,4.0,6.93,36.58,4.49,98.04,2.5,dry,VOC
6.1,SS,8.76,6.91,14.77,8.84,5.0,4.25,37.17,,98.18,0.88,dry,VOC
4.1,SC,8.48,4.45,8.41,7.53,5.0,8.24,37.32,3.56,95.65,1.52,dry,Dehydration
36.5,SS,6.48,0.0,14.66,8.17,3.0,25.2,36.53,1.12,92.26,0.5,rainy,Other
43.4,SS,6.66,6.98,14.02,7.81,1.0,3.41,37.91,1.91,94.48,1.88,dry,Dehydration
24.3,SC,9.6,4.35,13.75,10.72,0.0,31.37,37.27,4.79,95.82,1.94,dry,Other
12.0,SC,8.98,4.13,12.62,7.29,3.0,4.56,37.4,,95.16,24.31,dry,AVN
38.9, SC ,6.85,5.28,13.31,9.2,1.0,17.82,36.6,5.31,96.01,1.1,rainy,VOC
38.3,SBeta-thal,7.78 g/dl,6.52,17.08,7.37,4.0,63.49,38.55,4.26,89.68,2.57,rainy,ACS
22.0,SC,7.26,8.9,11.62,3.94,2.0,0.0,37.44,1.31,99.69,11.15,dry,Other
16.7,SS,7.87,9.43,11.57,6.57,2.0,2.31,37.03,2.57,97.53,0.5,dry,Dehydration
45.1,SS,5.14,,17.87,7.25,2.0,25.36,38.15,4.89,90.19,2.15,rainy,ACS
29.7,SC,6.74,7.38,13.93,6.53,0.0,49.93,38.16,7.57,92.63,2.33,rainy,Infection
29.2,SC,9.83,3.86,6.29,10.36,4.0,29.44,37.68,4.27,94.92,5.46,rainy,Other
37.7,SC,8.52,9.39,7.84,3.36,0.0,8.91,38.44,3.32,95.12,5.77,dry,Other
33.5,Hb-SS,7.89,0.0,14.63,6.93,2.0,50.14,37.82,5.74,95.33,1.65,dry,ACS
13.5,SS,8.84,0.0,17.25,5.86,2.0,14.85,37.65,6.79,98.42,0.5,rainy,Other
41.2,SS,8.25,3.4,20.87,11.42,1.0,66.49,38.51,6.45,95.78,3.09,rainy,Infection
31.0,SS,5.86,9.76,11.84,4.41,0.0,8.85,37.45,3.2,97.65,0.5,dry,Dehydration
25.8,SS,6.84,4.36,15.64,10.03,3.0,51.44,38.82,3.12,93.41,1.86,dry,ACS
13.7,SS,7.84,1.97,20.69,6.59,1.0,79.71,38.58,5.64,93.9,3.69,dry,Infection
6.8,Hb-SC,6.42,8.2,10.69,5.19,7.0,2.25,37.48,6.44,94.46,3.85,dry,Other
25.0,SS,7.08,6.3,13.42 x10^9/L,10.97,2.0,15.0,37.59,8.3,92.43,2.44,rainy,Infection
27.2,SBeta-thal,9.06,8.05,10.27,,5.0,7.37,37.15,3.56,95.47,1.09,dry,VOC
40.1,SS,8.16,6.82,6.0,5.1,1.0,,37.64,2.31,97.21,0.81,dry,Dehydration
24.4,SS,8.74,4.81,24.16,6.48,2.0,51.14,38.83,3.96,95.68,2.66,rainy,Infection
28.1,SC,7.39,4.94,16.03,4.35,2.0,66.09,37.5,6.65,93.6,3.68,DRY,Infection
16.8,SS,7.77,10.21,21.46,3.4,5.0,37.05,38.52,2.91,85.06,2.73,rainy,ACS
20.2,SS,10.5,2.77,17.4,6.19,3.0,99.99,38.85,3.68,94.08,1.8,rainy,Infection
7.8,SS,7.66,9.91,16.7,10.88,4.0,64.26,37.57,4.3,96.0,3.98, rainy,ACS
43.1,SS,7.47,4.76,10.39,6.7,1.0,10.32,37.46,5.56,95.78,83.36,rainy,AVN
11.2,ss,8.26,,8.07,10.68,2.0,5.94,37.14,0.89,95.64,1.5,rainy,Dehydration
30.2,SBeta-thal,9.54,11.41,13.95,8.86,1.0,0.0,37.12,6.19,99.22,3.09,dry,Other
33.4,SS,10.66,2.91,9.36,5.77,4.0,20.5,36.55,6.61,97.16,4.98,rainy,Other
18.1,SS,7.94,12.54,13.28,5.56,2.0,12.49,36.51,1.72,96.14,1.71,rainy,Dehydration
17.4,SBeta-thal,5.72,6.11,18.69,15.84,3.0,3.26,38.79,4.3,91.49,3.74,rainy,Other
35.6,SBeta-thal,7.04,10.22,16.69,10.5,0.0,16.81,36.97,5.65,96.06,0.98,rainy,VOC
39.8,SS,11.0,4.19,11.25,,1.0,0.0,36.94,7.3,95.85,68.02,dry,AVN
42.0,sc,8.75,8.97,5.38,7.42,3.0,0.0,37.21,6.57,95.92,24.12,dry,AVN
30.6,SS,8.24,2.72,12.62,4.25,4.0,88.21,38.25,6.73,97.72,1.57,rainy,Infection
29.8,SBeta-thal,6.79,3.95,23.01,7.19,3.0,54.77,37.27,5.6,89.4,1.63,rainy,ACS
26.9,SS,7.9,6.95,12.44,7.38,4.0,12.37,36.8,,96.77,2.28,Dry,VOC
37.0,SBeta-thal,7.63,2.68,18.42,13.82,7.0,35.39,38.29,4.23,86.54,3.85,rainy,ACS
38.8,SS,8.78,8.35,28.46,6.14,7.0,59.76,38.27,5.23,94.99,3.33,dry,Infection
27.8,SS,9.07,7.61,13.36,8.64,0.0,16.53,37.03,4.98,97.27,22.12,Rainy,AVN
48.4,SS,8.62,1.05,10.68,5.75,1.0,14.49,36.33,6.17,92.3,8.67,rainy,Other
32.0,SS,6.9,10.84,13.3,7.44,1.0,9.33,36.49,1.8,95.61,1.29,dry,VOC
9.6,SS,8.53,7.49,7.84,11.08,0.0,6.56,36.93,,95.35,3.76,dry,Dehydration
16.4,ss,7.44,1.35,8.73,6.73,1.0,13.16,37.8,4.41,94.56,0.64,rainy,Dehydration
34.9,SS,8.95,4.73,13.08,,1.0,40.44,39.33,4.68,93.97,2.44,dry,Infection
38.7,SS,8.16,8.72,9.94,9.75,4.0,,36.0,3.23,95.39,3.49,dry,Other
23.7,SC,7.98,3.43,17.27,10.43,2.0,10.0,38.89,6.42,90.86,2.82,rainy,ACS
23.1,ss,9.46,4.17,9.56,5.81,2.0,8.27,37.81,3.6,94.53,2.15,dry season,Dehydration
14.3,SS,7.82 g/dl,3.68,17.29,9.7,5.0,17.37,37.74,4.65,91.33,1.89,dry season,VOC
30.7,SS,8.18,9.27,19.35,7.2,2.0,26.86,38.67,5.98,96.0,2.67,dry,ACS
32.9,SS,8.68,9.79,21.98,7.5,3.0,29.52,38.24,5.79,89.05,1.48,rainy,ACS
21.4,SC,9.28 g/dl,3.69,17.62,4.91,1.0,54.37,37.91,8.26,94.09,1.34,dry,Infection
40.4,SS,7.14,6.77,14.16,7.23,1.0,49.28,38.03,7.56,86.84,2.34,dry,Infection
20.8,SBeta-thal,7.98,3.29,11.97,,5.0,17.18,36.71,2.13,97.67,2.42,rainy,VOC
2.0,SBeta-thal,9.48,6.34,11.83,4.68,1.0,32.99,38.1,9.26,92.45,2.33,dry,Other
28.0,SBeta-thal,7.19,8.96,16.57,,4.0,7.14,36.59,5.39,95.65,1.97,rainy,VOC
15.8,SC,7.78 g/dl,7.3,18.48,12.94,2.0,71.31,39.03,5.2,95.43,1.88,dry,Infection
25.6,SC,8.69 g/dl,5.07,16.44,9.4,3.0,66.68,38.37,3.46,92.98,2.64,dry,Infection
19.2,SS,8.25,4.87,27.23,7.41,8.0,21.12,38.65,3.95,87.34,2.51,dry,ACS
27.3,SS,6.92,3.75,11.13,8.76,1.0,6.42,36.95,2.4,96.55,1.23,dry,Dehydration
36.9,SS,8.39,1.34,8.92 x10^9/L,2.0,2.0,39.2,37.43,5.27,96.02,8.82,rainy,Other
27.5,SS,7.49,7.84,14.42,5.29,0.0,0.0,36.71,1.29,98.7,0.72,rainy,Dehydration
13.2,SS,8.97,5.14,19.46,11.36,1.0,49.51,37.51,3.66,90.24,3.28,dry,ACS
22.4,SS,6.57,5.5,19.45,8.76,4.0,94.47,38.6,3.8,94.87,2.51,dry,Infection
31.3,SS,9.51,2.06,8.67,9.79,0.0,4.19,36.68,5.15,96.35,60.05,dry,AVN
17.4,SS,8.57,2.82,11.83,9.89,1.0,7.11,37.64,0.53,97.87,0.82, dry,Dehydration
23.5,SS,7.42,6.36,13.95,7.04,4.0,13.44,37.1,2.12,95.11,2.25,dry,VOC
12.7,SC,6.58,10.47,5.0 x10^9/L,7.07,5.0,12.66,37.29,2.99,92.4,1.85,rainy,Other
24.0,SS,9.85,7.64,7.37,8.83,0.0,3.56,36.91,4.09,95.02,64.4,rainy,AVN
38.5,SS,8.02,1.87,13.12,7.9,0.0,7.82,36.97,5.0,98.17,73.31,dry,AVN
9.7,SC,7.87,8.51,12.93,6.11,2.0,90.96,39.85,5.67,92.94,2.55,dry,Infection
42.4,SS,9.91,6.11,18.26,8.77,4.0,22.75,36.86,3.62,97.82,2.04,dry,VOC
22.0,SBeta-thal,8.57 g/dl,4.42,9.92,8.7,0.0,9.99,38.02,1.15,94.24,2.21,dry,Dehydration
31.8,SC,7.76,8.43,6.57,8.12,2.0,18.87,36.83,2.41,94.73,10.22,dry,Other
16.2,SS,8.36,2.74,16.59,9.26,4.0,21.62,37.07,,93.17,3.35,rainy,VOC
36.9,Hb SS,8.93,10.08,8.07 x10^9/L,10.53,2.0,22.54,36.52,4.18,95.92,2.86,dry,VOC
26.0,SS,8.73,8.53,12.68,6.46,4.0,32.28,37.92,3.95,86.14,3.16,dry,ACS
10.0,Hb SS,7.45,4.45,23.86,7.03,6.0,58.01,38.82,3.19,90.87,1.81,rainy,ACS
19.3,SC,9.13,9.62,12.35 x10^9/L,10.66,1.0,38.22,37.79,8.16,93.23,8.67,dry,Other
35.7,SS,8.88,0.85,18.53,14.05,3.0,69.2,38.63,6.1,89.26,1.72,Dry,ACS
38.8,SS,7.61,3.35,15.37,6.25,2.0,12.16,36.02,5.41,94.6,2.05,rainy,VOC
22.7,Hb-SS,7.7,8.33,18.32,10.66,4.0,50.78,37.57,6.03,90.24,3.24,rainy,Infection
32.2,SBeta-thal,8.02,6.31,12.07,6.18,4.0,6.52,36.72,2.09,97.38,1.23,dry,Dehydration
24.6,SBeta-thal,9.24,,17.25,10.04,0.0,70.35,38.26,3.37,94.54,5.1,rainy,Infection
27.1,SS,8.62,3.73,13.14,8.59,3.0,2.11,37.29,0.0,94.69,2.69,dry,Dehydration
28.9,SS,9.52 g/dl,10.37,6.72,7.65,1.0,6.06,37.07,6.07,98.68,56.91,dry,AVN
12.0,SS,8.34,1.18,11.97,8.61,0.0,1.19,37.45,5.03,99.71,51.63,dry,AVN
26.4,SBeta-thal,9.16,0.0,15.65,8.06,3.0,41.28,38.32,3.2,96.76,2.63,dry,Infection
12.0,SBeta-thal,9.19,7.09,9.03,,0.0,10.27,37.3,2.55,94.91,95.78,rainy,AVN
27.1,SS,6.69,0.0,16.19,,2.0,6.34,36.92,0.3,93.84,0.5,dry,Dehydration
29.4,SS,8.24 g/dl,1.73,14.34,6.98,3.0,26.61,36.82,4.56,96.54,1.26,dry,VOC
2.8,SS,10.04,7.75,12.12,10.1,1.0,26.96,38.19,6.67,92.6,10.07,dry,Other
31.1,SS,7.59,4.23,28.1,6.32,6.0,97.49,38.69,3.51,89.72,2.63,dry,ACS
13.8,SS,8.62,10.84,23.66,8.21,4.0,10.0,38.29,2.55,86.46,2.85,dry,ACS
31.5, SC ,6.68,1.23,16.24,2.31,0.0,23.98,37.29,3.96,98.57,5.45,dry,Other
31.3,SC,8.31,9.59,11.06,7.1,2.0,,37.03,4.98,96.51,33.64,dry,AVN
23.9,SS,8.44,8.0,9.59,3.12,5.0,,37.24,7.23,96.07,12.79,dry,Other
21.7,SS,7.95,2.7,5.0 x10^9/L,7.18,2.0,19.33,37.88,3.74,96.61,11.39,rainy,Other
21.9,SC,9.02,3.7,14.05,8.82,3.0,6.93,37.12,4.24,100.0,2.34, rainy,VOC
23.4,SS,8.84,5.25,13.59,7.47,0.0,8.86,37.33,4.85,95.39,33.78,rainy,AVN
44.5,SS,7.66,5.57,14.85,4.67,4.0,6.17,37.23,5.07,94.26,2.21,dry,VOC
19.6,SC,7.56,8.36,9.94,5.86,2.0,8.54,37.04,1.41,99.3,1.3,rainy,Dehydration
23.4,SS,7.65,6.37,22.22,7.7,5.0,22.44,37.72,4.75,91.47,1.98,rainy,ACS
5.2,SBeta-thal,8.18,4.54,17.07,7.6,2.0,43.69,38.98,6.71,92.69,1.11,dry,Infection
6.3,SS,7.2,1.61,17.45,11.5,1.0,25.74,38.51,5.41,84.02,1.25,rainy,ACS
33.9,SBeta-thal,8.27,1.6,12.1,6.49,1.0,2.02,36.87,5.51,95.64,32.81,dry,AVN
15.1,SBeta-thal,8.93,2.6,9.68,6.41,4.0,9.43,37.34,2.32,96.07,1.68,dry,Dehydration
17.9,SBeta-thal,7.98,5.87,10.49,8.85,4.0,18.41,36.82,4.76,95.83,0.96, dry,VOC
33.7,sc,8.39,6.91,12.73,7.67,3.0,17.01,36.44,6.52,95.81,0.67,rainy,VOC
16.8,SS,9.51,9.36,17.58,4.51,2.0,15.0,38.41,8.41,94.46,5.23,rainy,Infection
17.1,Hb-SS,9.58,3.89,8.43,7.38,2.0,15.24,37.28,2.21,93.8,1.94,dry,Dehydration
30.0,SS,9.3,3.48,8.86,5.15,3.0,2.71,37.09,6.01,96.73,24.31,DRY,AVN
31.3,SS,7.29,8.78,15.69,6.05,6.0,14.92,37.08,4.36,97.94,1.16,RAINY,Other
8.0,SS,8.14,6.2,9.43 x10^9/L,6.97,1.0,7.93,37.62,2.27,98.06,1.49,dry,Dehydration
15.1,HBSS,6.61,13.65,14.72,12.46,4.0,43.97,40.06,4.63,78.7,2.3,dry,ACS
19.8,SS,6.84,3.98,18.42,9.13,5.0,59.64,38.85,5.86,92.05,1.5,dry,Infection
33.1,SS,8.6,7.21,23.95,10.58,4.0,30.47,39.71,4.32,88.97,1.33,dry,ACS
2.6,SC,7.82,9.26,22.58,8.72,4.0,69.75,39.6,5.86,88.8,0.61,rainy,ACS
21.1,SS,7.87,8.85,14.86,12.34,2.0,54.98,38.31,4.88,97.0,5.25,dry,Infection
27.9,SC,7.96,7.4,14.95,3.86,5.0,49.35,39.88,6.23,94.08,2.76,DRY,Infection
4.3,SS,8.18,9.02,17.39,11.67,3.0,43.78,38.36,5.43,83.64,1.69,dry,ACS
34.1,SC,8.99,8.07,14.91,5.71,2.0,51.44,39.21,6.26,95.72,2.44,dry season,Infection
30.4,SS,9.0,0.38,12.34,6.71,4.0,58.14,38.27,4.03,95.39,2.29,rainy,Infection
45.0,SS,7.15,5.81,18.49,8.36,6.0,55.93,38.05,8.04,87.46,0.5, dry,ACS
20.7,SC,8.98,4.39,12.89,5.05,4.0,16.89,36.62,4.09,97.54,2.12,dry,VOC
2.0,SS,9.26,4.27,16.28,5.31,3.0,49.58,38.43,8.87,94.01,3.52,dry,Infection
18.3,SC,9.99,6.98,10.26,8.94,2.0,12.31,36.74,0.78,94.89,1.44,dry,Dehydration
25.7,SS,7.67,5.75,11.47,12.7,3.0,7.51,37.0,4.52,93.27,1.35,dry,VOC
27.5,SS,8.22 g/dl,4.41,13.31,5.53,1.0,0.0,37.24,,96.98,2.62,dry,Dehydration
23.1,SS,9.34,8.86,14.91,7.9,3.0,2.49,37.63,0.43,96.25,1.04,dry,Dehydration
17.9,SC,8.6,8.71,13.13,7.43,1.0,7.9,37.41,1.11,98.71,1.51,dry season,Dehydration
29.7, SS ,8.59,5.18,5.0,3.47,1.0,5.07,37.42,5.37,95.02,25.17,dry,AVN
22.4,SC,7.98,9.79,11.37,2.0,2.0,8.1,37.58,6.62,94.08,3.74,rainy,Other
38.1,HBSS,7.71,8.45,9.81,8.87,1.0,5.54,37.71,0.0,98.94,1.47,dry,Dehydration
19.8,SS,8.16,,10.11,7.9,3.0,83.98,40.28,6.86,95.41,4.46,rainy,Infection
13.0,SBeta-thal,9.29,6.2,8.13,9.14,2.0,,37.37,1.15,97.77,1.56,dry,Dehydration
18.5,SBeta-thal,8.16,4.67,11.73,8.61,0.0,11.79,37.94,1.02,94.6,1.49,dry,Dehydration
8.3,SS,7.64,4.09,21.21,9.34,1.0,43.15,37.4,4.82,82.83,1.33,dry,ACS
17.4, SS ,9.6,,11.3,4.07,0.0,12.54,37.32,2.44,97.2,3.69,rainy,Dehydration
27.1,SBeta-thal,7.03,1.69,14.22,8.33,1.0,7.72,36.85,2.62,96.72,0.5,Dry,Dehydration
33.8,SBeta-thal,8.05,0.0,7.88,10.35,1.0,36.93,36.42,6.58,91.46,10.91,dry,Other
25.0,SBeta-thal,7.31,0.08,8.72,8.38,1.0,5.97,37.33,4.14,95.89,47.28,dry,AVN
20.3,SS,8.96,4.35,11.24,4.48,2.0,6.75,36.5,3.96,97.69,36.75,rainy,AVN
16.3,SS,7.32,3.95,17.61,9.53,5.0,,36.61,4.4,96.01,3.37,rainy,VOC
20.3,SS,7.46,9.44,14.63,9.61,5.0,19.92,37.25,5.36,96.82,1.62,dry,VOC
14.6,SBeta-thal,7.99,8.54,15.08,8.45,3.0,32.35,36.64,5.58,89.49,10.6,rainy,Other
31.8,SC,8.07,9.51,15.25,13.55,2.0,5.62,36.79,7.22,97.28,1.16,rainy,VOC
19.3,SS,7.98,0.99,22.32,3.37,3.0,9.9,37.79,0.82,98.78,9.35,dry,Other
18.6,SS,8.41,6.77,16.77,7.76,3.0,71.25,38.71,0.0,89.3,3.04,dry,ACS
23.0,SS,8.63,7.93,11.79 x10^9/L,8.44,0.0,2.66,36.73,,99.64,0.5,dry,Dehydration
7.6,SC,7.93,7.86,17.72,12.0,2.0,35.31,37.0,4.46,88.6,3.08,rainy,ACS
38.6,SBeta-thal,9.08,3.84,19.16,7.36,0.0,50.93,38.97,6.86,91.41,1.14,rainy,ACS
2.7,SC,6.62,7.0,11.71,,2.0,29.26,36.34,4.96,100.0,14.45,dry,Other
40.3,SS,7.49,0.55,12.72,5.76,3.0,14.46,37.71,0.0,95.72,0.5,dry,Dehydration
21.5,SBeta-thal,6.73,6.67,8.12 x10^9/L,4.35,4.0,5.65,36.43,5.99,96.04,65.48,dry,AVN
29.6,SS,8.08,2.73,12.86,4.69,2.0,3.36,37.66,3.14,98.08,2.35,rainy,Dehydration
22.3,Hb-SS,6.7,0.0,19.51,9.08,2.0,45.8,38.85,6.57,99.3,2.52,dry,Infection
20.2,SC,7.17 g/dl,4.69,16.72,4.88,0.0,44.89,38.39,4.48,100.0,2.01,rainy,Infection
16.3,SS,7.9,10.06,13.28,6.91,3.0,21.43,37.69,2.01,96.79,0.75,dry,VOC
40.3,SS,9.32,6.54,5.68,6.47,0.0,11.13,37.34,3.79,96.93,51.21,rainy,AVN
7.6,SS,8.32,3.57,7.03,10.35,2.0,15.07,37.36,6.52,95.31,2.04,Dry,VOC
19.2,SS,7.99 g/dl,8.45,10.91,9.48,0.0,6.47,36.52,1.49,95.43,2.78,dry,Dehydration
8.7,SBeta-thal,8.61,4.24,11.93,13.1,2.0,69.21,38.88,4.01,94.19,2.66,dry,Infection
31.9,SS,8.64,3.8,13.96 x10^9/L,8.43,2.0,16.43,37.26,5.3,95.79,3.97,rainy,VOC
9.8,SS,9.36 g/dl,,13.59,8.46,3.0,15.63,36.73,5.46,100.0,0.5, dry,VOC
32.5,SS,7.82,9.03,12.19,8.57,2.0,51.57,39.11,3.11,94.45,2.32,rainy,Infection
19.7,SS,8.02 g/dl,6.4,10.04,10.69,1.0,60.76,36.74,7.22,92.15,8.09,rainy,Other
30.3,SS,8.86,0.11,7.17,5.77,0.0,2.75,37.04,,96.63,51.7,rainy,AVN
19.6,SBeta-thal,6.6,8.85,9.76,4.76,3.0,8.35,36.0,5.8,91.66,8.26,rainy,Other
37.4,SC,6.83 g/dl,11.09,8.9,11.94,4.0,13.1,37.12,10.0,92.34,0.5,rainy,Other
25.7,SS,7.4,,8.39,6.04,1.0,29.15,37.21,2.86,94.54,3.65,rainy,VOC
31.3,SBeta-thal,9.57,5.5,17.64,8.06,1.0,20.86,38.79,1.82,94.25,4.78,rainy,Infection
24.5,SS,8.1,8.81,10.0,8.47,0.0,92.4,39.04,8.53,95.42,3.0,dry,Infection
26.9,SS,7.26,5.64,14.08,10.79,0.0,23.63,37.0,5.93,95.02,0.5,dry,VOC
13.8,SS,8.73,0.84,11.79,6.84,5.0,8.59,36.49,4.67,93.54,0.5,dry,VOC
24.6,SS,7.97,6.16,6.53,6.71,1.0,5.77,37.06,6.34,97.55,1.89,dry,VOC
30.4,SS,7.42,0.71,18.03,7.31,0.0,76.5,38.55,5.07,96.31,2.62, dry,Infection
13.8,SC,8.1,8.79,18.39,10.29,7.0,7.63,37.34,5.65,96.89,3.5,dry,VOC
21.4,SS,7.3,7.29,13.7,5.02,4.0,4.83,36.44,7.51,96.7,1.5,dry,VOC
26.2,SS,7.86,4.44,19.86,10.54,5.0,43.8,39.65,6.05,95.44,2.61,dry,Infection
30.6,SS,7.82,3.03,11.96,9.47,1.0,44.44,37.03,7.03,92.79,0.5,dry,Other
4.8,SS,7.49 g/dl,5.39,19.14,7.11,5.0,24.52,39.49,7.33,92.11,2.06,rainy,ACS
31.9,SS,9.25,6.61,12.64,2.0,0.0,7.95,36.93,,96.91,27.24,DRY,AVN
34.4,SS,6.01,2.85,20.53,11.5,2.0,74.85,37.97,4.56,89.29,3.11,dry,ACS
21.6,SC,6.62,2.52,13.51,9.91,0.0,67.22,37.5,2.83,96.66,0.5,dry,Infection
45.3,SS,7.27,5.95,9.09,,2.0,10.42,36.84,3.87,98.2,38.76,rainy,AVN
23.4, SS ,9.43,5.59,15.24,7.12,2.0,17.49,37.15,6.94,98.31,2.92,rainy,VOC
26.9,SBeta-thal,7.02,5.64,12.53,7.67,1.0,4.76,36.37,7.33,95.58,89.52,rainy,AVN
15.4, SS ,8.14,5.93,9.86,13.03,2.0,24.08,36.64,9.74,96.28,7.24,rainy,Other
29.8,S-beta thal,8.61,4.2,12.57,6.5,0.0,7.09,37.01,5.24,97.85,30.29,dry,AVN
31.6,SS,9.12,4.4,14.82,11.4,2.0,72.2,38.19,4.03,94.47,1.06,rainy,Infection
32.5,SS,7.82,1.87,19.38,5.26,0.0,56.76,39.05,4.33,91.62,1.1,dry,ACS
16.5,SBeta-thal,6.94,6.64,17.4,9.37,5.0,,38.17,7.93,98.61,4.13,dry,Infection
16.8,ss,7.75,,9.05,2.0,0.0,17.73,36.85,2.28,100.0,8.32,dry,Other
17.3,SS,8.27,7.29,11.84,6.24,2.0,30.46,37.71,8.11,100.0,6.39,dry,Other
17.6, SC ,8.41,4.14,9.65,7.49,3.0,7.08,37.49,2.47,98.99,0.5,dry,Dehydration
33.3,SC,6.74,7.16,17.21,11.82,2.0,,37.16,6.73,84.46,2.08,dry,ACS
41.6,SS,8.02 g/dl,8.16,13.05,9.78,2.0,81.0,38.53,3.95,100.0,0.71,dry,Infection
20.7,SBeta-thal,6.26,8.92,19.46,10.23,4.0,58.9,101.46,7.52,86.46,1.58,dry,ACS
17.3,SS,6.99,4.49,8.3,8.66,2.0,17.28,36.91,2.51,97.16,2.59,dry,Dehydration
31.4,SS,7.79,3.15,11.98,11.1,3.0,3.43,37.03,3.55,96.47,2.03,dry,VOC
24.0,SS,8.17,9.7,9.94,9.4,3.0,12.11,37.44,0.95,96.89,0.95,dry,Dehydration
51.1,SS,7.2,7.28,14.32,7.68,4.0,14.13,36.9,5.51,93.42,2.42,rainy,VOC
15.2,SS,6.47,4.37,19.37,10.29,2.0,22.08,38.45,3.21,89.43,2.72,dry,ACS
44.2,S-beta thal,7.93,3.36,9.04 x10^9/L,7.08,1.0,1.5,37.12,4.16,96.78,87.7,rainy,AVN
16.5,SS,7.08,0.0,15.97,5.31,3.0,40.25,37.61,4.6,100.0,4.62,Dry,Other
19.3,SS,7.68,9.54,13.6,15.18,2.0,17.05,37.17,8.24,94.31,3.03,dry,VOC
38.8,SC,7.87,4.94,11.8,5.28,2.0,9.9,37.17,2.83,98.58,2.5,rainy season,Dehydration
31.3,SS,8.03,5.34,14.02,8.97,2.0,23.23,36.11,5.12,98.38,1.82,rainy,VOC
25.2,SS,7.72,9.09,14.63,9.08,1.0,41.48,39.05,4.49,87.45,1.75,rainy,ACS
18.9,SS,7.32,8.34,11.78,5.1,1.0,1.7,36.87,1.92,100.0,0.83,dry,Dehydration
23.2,S-beta thal,8.89,6.03,13.75,,3.0,5.0,37.2,5.2,92.43,1.85,dry,VOC
48.7,SS,7.67 g/dl,9.69,21.94,11.73,4.0,,39.34,,94.97,2.26,dry,ACS
35.9,SC,9.83,,11.05,5.58,2.0,5.91,36.51,3.82,97.95,53.85,rainy,AVN
12.0,SS,7.87,4.99,8.34 x10^9/L,4.51,0.0,7.37,36.86,7.97,97.09,23.21,rainy,AVN
30.3,SS,9.78,7.98,12.97,12.98,2.0,19.65,37.19,4.53,94.42,2.16,dry,VOC
24.1,SBeta-thal,8.86,8.53,14.66,14.82,4.0,25.48,36.36,2.25,92.8,1.05,dry,VOC
30.7,SC,8.25,7.67,10.57,11.22,1.0,67.41,39.42,5.31,89.69,3.09,dry,Infection
33.3,SS,6.32,0.0,9.14,7.03,1.0,5.47,37.14,5.05,99.08,84.13,rainy,AVN
38.5,SC,8.15,5.26,8.85,9.11,1.0,0.0,37.17,7.43,99.94,63.45,rainy,AVN
18.6, SS ,6.66,0.0,13.1,12.43,3.0,,36.29,6.54,97.53,3.36,dry,VOC
33.0,SS,7.33,4.37,22.3,7.67,2.0,59.19,39.34,7.36,93.49,3.04,DRY,Infection
26.0,SS,9.74,7.02,18.82,10.25,0.0,70.67,39.45,6.6,95.42,4.86,dry,Infection
30.1,SS,8.36,9.63,27.74,8.37,4.0,41.73,37.95,8.46,87.1,0.98,dry,ACS
12.1,SS,8.69,7.77,12.46,11.79,0.0,14.4,36.19,6.37,96.66,18.39,dry,Other
10.2,SC,6.54,9.16,10.0,8.19,1.0,49.7,38.58,5.65,91.64,1.83,dry,ACS
34.6,SS,7.13,0.0,11.05,11.3,1.0,22.27,36.81,8.41,98.22,0.5,RAINY,Other
27.5,SS,8.44,7.05,12.88,4.54,2.0,24.17,38.19,5.37,92.47,1.65,dry,Other
22.9,SBeta-thal,9.88,5.64,13.73 x10^9/L,9.95,3.0,6.78,36.43,2.86,97.37,2.33,RAINY,Dehydration
40.1,SS,10.09,2.33,11.46,6.71,4.0,3.89,37.31,1.95,96.72,0.54,rainy,Dehydration
20.8,SS,10.98,3.45,8.35,6.13,5.0,7.56,36.89,3.51,93.31,7.56,rainy,Other
19.9,SS,6.25,4.22,13.16,7.89,5.0,13.66,37.26,7.97,95.26,5.75,rainy,Other
26.6,SC,8.56,4.66,10.11,4.18,0.0,12.5,37.32,,97.87,1.44,rainy,Dehydration
9.8,HBSC,9.38 g/dl,4.54,13.77,2.0,3.0,50.18,36.33,3.5,95.42,6.86,rainy,Other
24.9,SS,8.8,4.85,6.19,10.75,3.0,9.56,38.15,3.84,96.23,0.79,dry,Dehydration
33.2,SS,6.89,2.23,6.5,6.57,0.0,4.02,36.64,4.77,95.31,63.95,rainy season,AVN
17.2,sbeta-thal,6.9,,20.06,7.46,1.0,69.61,37.98,3.17,92.62,3.82,rainy season,Infection
29.5,SS,7.63,7.3,6.0,6.29,1.0,14.02,37.12,1.33,96.93,0.9,dry,Dehydration
25.3,SC,8.2,4.67,21.84,7.49,3.0,31.97,38.78,5.75,94.84,3.66,dry,Infection
17.8,SS,7.82,13.3,10.4,6.75,0.0,16.88,36.64,2.43,96.64,0.5,dry,Dehydration
29.3,SC,7.24,7.11,13.33,,0.0,18.44,38.67,2.47,96.73,2.63,rainy,Infection
13.3,SBeta-thal,8.54,3.11,11.45,10.44,5.0,11.46,37.31,1.93,100.0,2.7,rainy,Dehydration
22.9,SS,7.65,6.68,17.89 x10^9/L,8.34,1.0,53.61,37.97,1.07,85.59,1.96,rainy,ACS
39.5,SS,9.82 g/dl,1.66,9.17,6.38,1.0,3.2,36.84,5.32,94.77,7.0,rainy,AVN
17.8,ss,6.98,6.5,12.83,3.35,2.0,4.75,37.01,3.99,96.61,2.15,dry,VOC
29.8,SS,6.47,0.0,8.8,7.06,1.0,5.04,36.9,6.9,98.08,31.16,rainy,AVN
19.4,SS,7.09,9.98,15.25,7.03,2.0,15.78,36.61,1.62,97.75,1.01,dry,Dehydration
21.8,SBeta-thal,6.98,6.94,15.51,13.99,5.0,11.68,36.76,4.25,98.13,2.19,dry,VOC
9.8,SS,7.15,5.27,8.41,5.43,2.0,6.07,36.9,2.57,97.76,1.74,Dry,Dehydration
33.6,SS,9.61,11.14,12.12,6.42,0.0,26.55,36.51,5.52,94.24,3.32,dry,Other
40.6,ss,7.32,4.88,22.53,10.31,4.0,59.67,38.56,7.64,94.09,4.51,rainy,Infection
13.2,SS,9.26,7.5,9.52,7.93,3.0,,37.81,5.07,94.45,10.15,rainy,Other
28.9,SS,5.0,,13.81,11.3,3.0,44.15,39.61,7.33,86.6,3.61,rainy,ACS
21.6,SS,9.33,,24.38,8.11,3.0,51.29,37.78,8.43,98.97,4.28,dry,Infection
24.0,SC,8.32,5.71,19.28,12.93,2.0,17.09,36.56,6.64,96.53,2.58,dry season,VOC
30.1,SS,8.07,5.88,24.11,6.63,2.0,62.22,38.54,2.89,94.85,4.85,dry,Infection
17.6,SC,7.92,,21.04,10.78,1.0,26.8,38.75,3.48,88.62,2.37,rainy,ACS
26.8,SC,7.61,11.23,12.65,5.97,1.0,6.42,38.12,1.77,95.22,1.44,dry,Dehydration
46.6,SS,8.59,8.61,13.24,11.46,1.0,65.52,38.36,6.48,93.55,0.5,rainy,ACS
40.5, SS ,9.53,6.79,8.79,,4.0,9.95,36.75,9.18,99.01,84.69,rainy,AVN
21.9,SBeta-thal,7.42,9.6,10.48,8.06,0.0,7.85,36.75,2.12,97.56,1.82,rainy,Dehydration
19.2,SBeta-thal,7.42,3.47,13.19,,1.0,48.96,36.65,7.24,96.16,0.5,rainy,Other
41.5,S/beta-thal,7.75,5.96,6.1,9.54,2.0,0.0,37.79,5.74,95.5,73.64,dry,AVN
28.2,SBeta-thal,7.2,5.24,12.02,10.66,2.0,7.02,37.76,3.44,99.07,1.96,rainy,Dehydration
40.9,SS,9.52,4.55,9.07,5.9,0.0,3.4,37.52,4.16,97.32,39.27,dry,AVN
26.7,SS,7.64,6.5,22.5,11.24,1.0,70.27,37.73,6.27,92.31,2.91,rainy,Infection
28.8,SS,8.35,1.67,22.35,7.74,2.0,30.75,39.06,3.92,93.78,3.0,dry,Infection
30.1,SS,5.47,10.45,10.2,11.14,4.0,87.31,37.71,2.76,87.85,3.74,dry,ACS
33.0,SS,7.85,7.95,11.62,4.65,0.0,8.14,37.29,1.88,97.42,7.0,dry,AVN
15.7,SBeta-thal,8.96,4.9,10.79,4.58,1.0,10.5,37.08,1.22,99.87,0.5,dry,Dehydration
36.6,Hb-SC,8.18,3.89,11.23,6.91,1.0,11.03,37.35,8.28,100.0,88.25,rainy,AVN
10.4,SS,6.39,6.13,19.82,9.16,3.0,,38.35,2.34,88.46,1.96, dry,ACS
21.0,SS,8.1,,5.0,8.41,2.0,0.0,37.4,5.49,94.31,4.58,dry,Other
5.5,SS,9.19,3.9,14.04,8.34,13.0,13.63,36.48,4.03,98.67,2.28,rainy,VOC
40.3,SC,8.24,3.75,10.51,7.05,4.0,4.72,37.37,,95.18,0.57,dry,Dehydration
2.0,SS,8.86,4.89,9.6,5.29,2.0,4.83,37.37,0.39,96.81,0.5,rainy,Dehydration
28.0,SC,8.79,7.89,22.98,13.3,4.0,50.32,39.22,3.52,92.4,1.46,dry,Infection
17.6,SC,7.34,2.37,15.94,9.2,4.0,10.7,36.84,4.57,98.29,2.02,rainy,VOC
22.4,SS,6.54,4.83,18.12,10.12,5.0,4.02,37.13,4.82,94.77,1.97,dry,VOC
25.9,SS,9.64,9.59,13.64,11.69,2.0,33.31,36.78,1.3,96.96,0.92,rainy,Other
8.0,SS,9.54 g/dl,3.95,23.12,9.85,2.0,72.55,38.84,4.28,94.56,5.97,dry,Infection
22.3,SS,6.78,4.62,14.76,,7.0,14.75,36.42,2.77,95.7,1.8,dry,VOC
39.1,SS,8.29,9.36,11.6,11.17,3.0,24.26,36.93,2.21,93.83,2.47, rainy,VOC
26.3,SBeta-thal,8.36,6.07,9.07,3.87,0.0,4.38,37.61,6.05,98.9,60.77,rainy,AVN
28.6,SS,7.55,6.14,5.84,9.23,0.0,23.44,37.47,3.25,91.3,3.37,dry,Other
35.8,SS,7.91,4.38,23.35,7.52,2.0,30.22,38.83,2.73,81.47,1.25,dry,ACS
30.4,SC,7.15,8.03,19.82,11.77,1.0,64.54,39.19,3.18,94.7,2.94,dry,Infection
20.5,SC,8.74,7.95,12.58,7.54,1.0,9.68,37.47,3.31,97.08,0.68, rainy,Dehydration
18.9,SS,8.78,5.12,7.92,11.38,2.0,14.26,36.43,3.4,95.63,1.76,dry,Dehydration
13.2,SS,9.54,7.5,24.74 x10^9/L,8.75,5.0,50.36,38.5,5.43,88.69,1.92,rainy,ACS
30.0,Hb SS,8.48,5.2,19.8,3.0,0.0,67.74,38.79,6.1,89.19,3.68,dry,ACS
19.3,SS,7.98,5.52,13.82,4.19,5.0,84.44,37.42,6.68,88.43,1.34,dry,ACS
10.1,SBeta-thal,7.92,3.09,14.08,7.95,3.0,14.27,37.45,0.77,95.86,1.53,rainy,Other
22.7, SS ,7.68,6.1,9.0,7.36,0.0,1.76,36.67,5.09,95.84,22.99,rainy,AVN
35.3,ss,7.06 g/dl,4.41,13.22,9.09,6.0,13.48,36.67,4.7,95.22,3.77,rainy,VOC
,,,,,,,,,,,,,
32.3,SC,9.06,4.06,22.92,8.87,2.0,4.81,37.05,7.18,91.11,4.73,dry,Other
33.3,SC,9.51,5.73,8.67,6.56,3.0,9.08,36.98,3.16,98.52,1.83,dry,Dehydration
12.5,sbeta-thal,7.55,9.83,15.08,7.89,1.0,3.11,37.32,2.56,95.71,0.86,DRY,Dehydration
9.9,SBeta-thal,7.81,1.92,12.74 x10^9/L,3.57,1.0,41.89,37.51,2.68,100.0,6.06,rainy,Other
32.3,SS,9.2,7.81,11.43,5.79,2.0,11.7,36.55,4.91,91.84,3.4,rainy,Other
14.1,SS,8.23,5.2,13.11,7.11,0.0,0.0,37.64,3.54,94.3,2.77,dry season,Other
14.3,Hb-SC,9.34,5.43,17.21,7.89,3.0,,36.62,3.69,96.9,0.5,dry,VOC
21.8,SS,8.87,8.48,11.68,4.64,1.0,7.58,36.73,6.62,98.43,72.84,dry,AVN
22.7,SS,8.58,4.62,17.77,10.44,2.0,51.55,37.88,6.29,85.51,1.37,DRY,ACS
28.6,SS,10.32,6.24,6.79,2.67,0.0,25.64,37.32,5.99,95.48,6.73,rainy,Other
2.8,SS,7.32,9.66,11.57,8.88,5.0,21.78,36.73,2.73,94.72,2.12,dry,VOC
23.5,SS,10.24,7.22,13.48,9.17,3.0,19.18,37.79,3.99,90.17,2.64,rainy,ACS
32.8,SS,7.73,5.4,14.56,2.0,1.0,16.71,37.15,4.91,91.06,5.61,rainy,Other
26.2,Hb-SS,7.9,5.66,13.32,11.12,3.0,21.52,36.72,5.88,94.48,3.31,dry,VOC
30.5,SS,8.2,4.53,8.32,9.31,2.0,1.89,37.03,7.41,99.21,16.3,rainy,AVN
40.2,SS,7.78,9.58,6.49,3.96,1.0,17.0,36.47,4.46,100.0,2.99,dry season,VOC
25.2,SS,8.41,5.39,21.71,10.09,0.0,49.39,38.0,4.88,87.23,0.5,rainy,ACS
27.6,SS,8.76,7.85,12.51,5.82,2.0,9.17,37.44,3.3,95.43,2.82,dry,Dehydration
25.3,Sbeta thal,8.65,1.14,12.73,5.38,3.0,17.73,37.52,3.71,96.69,1.85,DRY,Dehydration
25.0,SS,9.05,16.31,19.68,6.16,1.0,36.2,38.88,6.31,93.84,5.98,dry,Infection
37.1,SS,9.23,6.91,15.86 x10^9/L,8.33,2.0,22.05,37.57,4.91,89.16,5.69,dry,Infection
29.7,SS,8.41,9.55,19.33,6.75,2.0,38.54,38.23,5.75,86.41,2.96,rainy,ACS
14.4,SS,5.84,,9.94 x10^9/L,9.25,2.0,26.2,37.0,3.12,95.51,0.5,Dry,VOC
31.8,SS,8.78,4.96,13.89,7.22,4.0,12.93,37.65,1.07,92.57,1.84,rainy,ACS
23.5,SS,7.35,0.0,7.13,11.47,2.0,7.75,36.7,2.01,99.84,3.06,rainy,Dehydration
27.7,SS,8.66,8.01,15.81,4.39,4.0,15.0,38.68,8.07,92.77,2.76,dry,Infection
28.7,SS,6.74,4.28,27.5,8.43,3.0,39.15,38.12,1.84,88.74,3.55,dry,ACS
27.4,SS,8.9,8.56,11.93,7.84,1.0,13.12,37.27,1.86,99.39,1.48,dry,Dehydration
2.0,SS,7.89 g/dl,5.85,15.12,8.81,4.0,23.31,36.57,4.82,98.58,0.5,rainy,VOC
43.5,SS,9.44,8.3,5.48,4.6,2.0,8.98,37.11,6.14,96.96,15.0,dry,AVN
21.2,SC,9.45,1.93,10.64,6.6,0.0,0.73,36.98,1.23,97.42,2.54,rainy,Dehydration
39.3,SS,8.84,3.36,13.82,10.03,1.0,8.04,38.19,2.9,95.65,1.57,rainy,Dehydration
19.2,SS,8.1,8.39,11.66,8.88,5.0,26.59,36.85,5.17,94.75,2.03,dry,VOC
29.6,SBeta-thal,8.06,6.53,11.69,4.81,1.0,8.5,37.02,1.05,96.87,2.39,dry,Dehydration
10.6,SS,8.37 g/dl,4.51,15.76,7.71,2.0,20.96,36.92,1.27,95.59,3.06,dry,Dehydration
33.9,SS,7.55,6.91,5.44,5.16,4.0,4.74,37.18,5.62,96.87,77.67,dry season,AVN
11.3,SS,6.67,7.31,8.28,3.43,0.0,,38.24,2.76,90.32,3.08, rainy,Other
22.7,SS,9.95,12.23,13.21,9.4,5.0,2.28,36.17,2.49,95.08,1.65,dry,VOC
27.9,SS,8.29,3.35,19.36,9.26,7.0,33.9,38.78,2.91,89.01,3.44,dry,ACS
31.5,SS,9.0,5.55,9.9,11.29,5.0,2.73,36.93,3.07,98.82,3.14,dry,Dehydration
27.2,SS,8.44,7.57,15.74 x10^9/L,6.3,3.0,70.59,37.54,5.92,89.3,0.5,rainy,ACS
41.2,SS,7.62,10.38,9.68,6.76,4.0,26.26,37.04,5.66,91.9,1.94,rainy,VOC
25.9,SC,8.8,0.0,17.04,9.29,3.0,29.04,39.5,7.53,94.7,2.7,dry,Infection
20.3,SC,9.23 g/dl,5.84,10.46,6.36,0.0,10.7,37.31,8.05,97.56,78.82,dry,AVN
13.1,SS,8.21,13.66,16.08,,3.0,29.15,37.24,2.11,88.72,8.58,rainy,Other
40.7,ss,8.11,2.39,9.34,2.65,2.0,4.15,36.54,8.07,95.31,53.72,rainy,AVN
19.0,SS,7.38,1.84,17.39,7.67,3.0,14.73,37.24,3.6,93.61,6.68,DRY,Other
43.9,SC,7.69,5.1,11.22,7.86,1.0,1.11,37.16,2.73,96.0,2.17,dry,Dehydration
39.0,SS,9.25,4.04,18.9,8.54,4.0,43.32,37.5,6.4,94.17,2.8,rainy,Infection
18.5,SS,9.09,3.03,10.11,6.41,2.0,2.24,37.28,1.31,95.16,1.43,dry,Dehydration
36.4,SS,7.23,5.88,12.07,7.3,4.0,6.1,37.34,4.45,96.25,13.95,dry,AVN
25.9,ss,9.43,8.73,13.87,13.49,1.0,17.93,36.63,5.04,93.79,2.83,dry,VOC
50.4,SS,8.56,5.3,10.71,6.27,2.0,5.62,37.22,7.17,98.95,53.39,dry,AVN
31.5,SS,7.7,4.73,16.1,10.76,2.0,54.15,37.77,2.18,85.11,1.43,rainy,ACS
31.8,SS,7.62,5.6,8.88,8.4,1.0,10.56,37.19,6.32,96.31,2.42,dry,VOC
7.7,SS,9.42,4.63,13.3,3.98,5.0,8.73,36.55,0.62,95.47,1.3,dry,VOC
8.8,SS,6.98,6.31,12.27,6.6,4.0,13.96,37.03,5.53,94.06,2.89,Rainy,VOC
15.2,SBeta-thal,6.4 g/dl,2.63,17.05,8.6,4.0,,38.36,2.0,90.69,2.1,rainy,ACS
30.3,SS,8.98,3.22,9.48,9.83,1.0,12.79,37.3,0.96,92.73,0.5,dry,Other
15.6,SS,6.13,5.09,10.09,6.89,3.0,6.5,36.75,2.08,96.56,1.04,rainy,Dehydration
30.6,SC,8.62,3.88,16.17,7.41,1.0,40.6,37.92,2.83,95.77,3.3,dry,Infection
11.9,S/beta-thal,9.86,11.7,16.35,7.07,4.0,38.75,36.91,0.08,91.5,9.75,dry,Other
22.8,SBeta-thal,8.01,3.17,13.32,4.67,2.0,35.78,36.41,0.0,93.22,0.5,rainy,Other
41.9,SC,8.62,8.55,12.85,6.34,0.0,6.56,36.28,6.0,98.08,48.61,rainy,AVN
35.1,SS,7.63,11.43,22.9,15.71,3.0,52.33,39.23,5.98,88.89,2.2,dry,ACS
24.4,SBeta-thal,9.85,0.0,13.75,3.82,1.0,10.49,36.9,1.64,96.51,39.52,dry,AVN
14.1,SS,7.47,6.05,17.25,,3.0,9.22,36.9,0.26,95.59,1.35,rainy,VOC
23.7,SS,8.21,3.48,11.02,7.59,1.0,0.0,36.9,5.31,96.47,57.52,rainy,AVN
7.5,SC,7.74,7.8,22.57,14.75,3.0,52.18,38.35,0.78,95.31,2.73,dry,Infection
34.6,SC,6.28,5.26,13.01,5.3,3.0,18.71,37.11,4.66,94.04,8.16,rainy,Other
45.9,SS,7.42,1.35,10.86,7.33,0.0,0.0,37.21,7.28,98.4,34.83,dry,AVN
21.3,SS,8.71,4.61,11.46,7.81,1.0,6.28,37.37,2.28,93.36,2.15,dry,Dehydration
33.0,Hb SS,6.87,2.63,10.0,9.99,3.0,79.11,37.9,2.75,84.6,2.72,rainy,ACS
29.3,ss,8.03 g/dl,9.75,7.14,4.62,1.0,10.99,37.38,5.37,97.74,44.74,dry,AVN
16.4,SS,8.23,9.27,11.67,5.95,1.0,26.28,36.39,7.82,93.25,5.77,dry,Other
16.8,SC,8.38,4.54,15.46,9.44,5.0,28.68,37.13,2.44,100.0,9.62,DRY,Other
42.2,SC,8.81,3.61,11.68,7.21,0.0,6.32,37.04,4.99,97.39,87.45,dry,AVN
14.4,SS,6.19,9.52,10.56,8.84,0.0,10.75,37.3,2.47,95.56,0.5,dry,Dehydration
20.2,SC,10.25,,23.59,10.23,0.0,44.74,39.47,8.13,90.31,3.82,dry season,Infection
24.2,SS,8.17,8.68,15.35,7.68,2.0,91.17,38.51,5.07,94.57,1.03,rainy,Infection
10.5,SC,6.77,8.73,7.74,,2.0,4.61,37.32,5.65,98.5,5.74,rainy season,Other
17.4,SC,7.67,7.01,16.89,8.09,3.0,56.52,38.88,2.87,92.77,1.92,dry,Infection
43.2,SS,8.16,1.98,12.4,3.42,0.0,5.33,37.03,3.59,97.33,51.66,dry,AVN
40.1,Hb-SS,9.95,4.79,10.05,5.59,1.0,13.18,37.34,3.34,95.82,55.53,dry,AVN
29.3,SS,7.61,5.84,14.42,5.14,1.0,15.0,39.66,4.06,94.38,5.46,rainy,Infection
20.1,HBSS,7.05,4.74,11.25,6.89,2.0,12.07,38.02,3.69,96.8,1.45,dry,Dehydration
38.7,SS,9.16,4.79,12.91,10.83,0.0,47.87,37.11,1.47,92.92,5.41,rainy,Other
36.4,SBeta-thal,8.06,10.6,12.44,8.19,0.0,6.12,37.34,8.33,98.21,30.74,rainy,AVN
30.5,SC,8.67,10.18,18.07,10.49,3.0,68.46,38.49,7.57,93.92,6.1,dry,Infection
13.9,SBeta-thal,10.73,,13.61,8.51,3.0,34.56,37.34,5.14,96.12,1.05,rainy,Other
28.3,SBeta-thal,9.72,2.17,11.86,5.66,5.0,0.0,36.94,8.44,94.03,0.5,rainy,Other
27.2,SS,9.5,9.67,14.08,12.03,0.0,8.83,36.93,4.77,91.75,2.55,dry,Other
22.8,SC,10.09,8.38,11.83,10.17,2.0,3.11,37.23,0.66,98.54,2.04,dry,Dehydration
13.2,SC,8.07,3.14,14.12,11.77,1.0,46.27,38.58,6.51,93.5,3.85,dry,Infection
22.8,SBeta-thal,9.09,9.83,19.71,10.63,0.0,73.36,39.14,8.22,90.83,1.64,dry,Infection
35.2,SS,8.76,5.89,10.34,6.78,2.0,5.5,37.13,7.48,97.52,24.73,rainy season,AVN
47.2,SS,7.73,8.54,12.78,11.34,0.0,10.79,37.03,2.62,96.68,1.98,dry,Dehydration
32.1,SS,7.93,0.0,11.86,5.52,1.0,10.8,37.24,1.06,97.92,36.41,dry,AVN
39.5,SC,7.65,9.32,10.32,,1.0,0.66,36.74,2.7,97.39,0.81,dry,Dehydration
38.8,SS,7.61,3.35,15.37,6.25,2.0,12.16,36.02,5.41,94.6,2.05,rainy,VOC
35.1,SS,8.35,4.78,12.15,9.46,5.0,16.78,37.57,4.66,97.16,1.93,dry,VOC
15.8,SC,9.35,4.71,8.23,4.61,1.0,14.0,37.03,0.92,97.35,0.81,rainy,Dehydration
30.6,SS,6.83,11.37,17.43,7.8,0.0,45.23,39.53,7.99,96.11,2.84, rainy,Infection
47.6, SC ,10.45,0.0,9.89,7.91,1.0,11.23,37.08,9.6,98.41,36.21,dry,AVN
30.1,SS,6.91,8.85,16.58,4.94,0.0,34.61,39.04,4.47,88.03,3.36,rainy,ACS
5.8,HBSC,7.31,9.15,30.0,2.32,2.0,63.54,38.48,,92.72,4.17,rainy,Infection
45.9,SBeta-thal,7.79,6.92,10.67,8.85,0.0,9.56,36.98,4.42,96.62,70.92,dry,AVN
22.3,SS,7.77,6.23,13.02,10.12,4.0,14.3,37.38,6.06,96.42,3.06,dry,VOC
22.2,SS,9.77,5.7,12.27,3.76,4.0,25.31,37.02,4.57,95.82,2.0,dry,VOC
15.4,SC,10.77,3.11,15.1,7.96,2.0,68.08,37.8,2.25,94.43,0.65,dry,Infection
12.9,SC,8.37,6.63,26.69,7.59,1.0,48.8,39.33,2.63,91.95,3.44,dry,ACS
22.7,SS,7.44,7.47,12.14,5.99,0.0,1.49,37.02,5.91,96.67,54.9,dry season,AVN
33.7,SS,7.61,4.38,9.67,9.52,1.0,13.6,36.21,6.17,94.46,1.96,dry,VOC
2.0,SS,8.63,10.92,24.75,4.59,3.0,62.01,38.7,7.99,98.03,4.74,rainy,Infection
20.5,SS,8.95,10.27,9.65,7.4,1.0,8.63,36.97,6.23,97.76,53.69,dry,AVN
32.3, SC ,6.39,5.93,14.09,10.39,7.0,15.75,37.5,2.54,96.67,0.9,rainy,VOC
8.3,SS,9.28,6.22,14.35,8.35,2.0,11.45,37.44,3.2,94.81,2.01,rainy,VOC
17.9,SS,7.66,3.72,22.1,10.57,1.0,56.32,39.14,5.78,88.25,0.5,rainy,ACS
35.6,SS,7.61 g/dl,0.59,9.94,9.2,3.0,7.8,37.9,7.78,96.32,7.82,dry,Other
38.0,SS,10.42,1.83,17.37,9.18,2.0,21.29,36.98,5.66,94.47,1.3,dry,VOC
29.7,SS,7.26 g/dl,6.05,22.24,8.65,2.0,43.15,38.2,2.92,92.17,1.5,dry season,ACS
12.5,SBeta-thal,8.34,3.19,13.81,4.41,2.0,4.57,36.44,1.3,97.68,2.28,dry,Dehydration
38.4,SS,8.53,6.82,5.0,,0.0,5.75,37.38,7.7,95.56,65.6,dry,AVN
23.4,SS,8.63,6.68,13.9,8.47,4.0,33.8,37.02,5.17,91.18,13.36,dry,Other
18.5,SS,7.23,8.78,10.37,7.23,1.0,11.16,37.03,2.69,96.41,1.26,rainy,Dehydration
28.0,SS,9.69,9.31,9.82,10.99,4.0,15.97,36.19,4.36,94.66,0.58,dry,VOC
22.3,SBeta-thal,7.36,6.92,11.27,4.93,0.0,14.22,37.4,7.64,97.47,33.91,dry,AVN
42.7,SC,10.52,7.16,9.92,5.71,3.0,2.63,37.6,1.74,96.05,1.17,dry,Dehydration
22.5,SS,7.94,1.43,8.69,7.18,3.0,8.78,36.83,,96.96,50.91,dry,AVN
,,,,,,,,,,,,,
20.2,SS,9.98,6.99,11.05,8.74,1.0,31.83,36.44,5.58,97.4,7.49,rainy,Other
35.6,SS,9.1,7.29,11.97 x10^9/L,10.2,2.0,,36.98,5.77,93.95,3.22,dry,VOC
38.8,SS,8.46,0.39,18.59,10.51,4.0,13.37,36.8,3.45,97.39,2.31,dry,VOC
48.5,SS,7.99,,9.26,7.04,1.0,4.61,36.83,8.76,97.04,28.11,dry,AVN
13.9,Sbeta thal,8.06,0.32,7.12,8.97,7.0,17.31,37.5,3.72,91.0,0.5,dry season,VOC
14.3,SS,6.63,4.56,6.54,9.6,4.0,9.39,37.64,5.85,93.98,0.9,dry,VOC
15.6,SS,8.87,6.56,16.45,8.89,3.0,9.82,37.66,2.92,95.33,2.13,dry,VOC
27.9,SS,8.39,5.5,15.45,10.56,7.0,11.33,36.83,5.07,95.51,3.14,rainy,VOC
26.5,Hb SS,8.18,5.02,18.08,8.4,4.0,49.01,37.9,3.99,83.15,1.88,dry,ACS
29.7,SS,7.06,3.57,12.47,3.49,1.0,14.02,36.84,4.64,95.45,45.23,dry,AVN
8.7,SS,8.25,7.88,14.63,11.97,2.0,13.21,37.51,2.65,94.47,11.49,dry,Other
39.7,SS,8.38,7.82,14.5,7.82,0.0,44.72,38.34,7.5,93.5,3.85,rainy,Infection
26.4,SC,7.58,7.79,13.46,6.72,1.0,57.49,38.07,4.6,96.0,1.04,dry,ACS
30.1,SS,8.48,6.82,13.41 x10^9/L,5.72,1.0,7.2,37.06,5.22,99.23,48.41,dry,AVN
31.1,SS,7.02,3.8,8.69,14.08,4.0,12.98,37.43,8.66,94.11,0.77,dry,VOC
22.0,SS,8.43,1.16,19.67,9.36,3.0,68.22,38.72,6.58,99.27,3.84,dry,Infection
30.3,SC,9.79,9.68,12.16,8.06,1.0,14.21,37.11,3.31,97.18,0.5,dry,Dehydration
21.4,SS,8.39,5.08,12.48,7.93,1.0,52.2,38.7,8.82,93.03,0.5,dry,ACS
27.0,SS,8.61,4.45,14.16,13.26,3.0,85.85,38.78,0.0,100.0,3.27,DRY,Infection
12.0,SS,7.36,6.56,12.14,7.96,2.0,4.42,37.65,3.53,94.79,34.47,rainy,AVN
19.3,SS,7.68,9.54,13.6,15.18,2.0,17.05,37.17,8.24,94.31,3.03,dry,VOC
31.2,SC,7.47,2.87,12.91,3.29,1.0,2.99,36.94,3.72,97.86,78.78,rainy,AVN
19.4,SS,9.06,5.19,15.22 x10^9/L,14.9,5.0,23.46,37.15,,93.55,3.8,dry,VOC
9.1,SS,7.84,4.65,16.36,7.44,8.0,12.84,37.54,4.76,83.34,2.17,dry season,ACS
15.7,SS,7.41,6.8,10.15,8.55,4.0,11.62,37.05,3.78,95.46,1.98,dry,VOC
24.1,SS,7.09,8.29,11.8,7.18,4.0,62.02,38.51,7.39,93.0,3.18,rainy season,Infection
18.3,SS,8.74,5.2,14.53,14.37,2.0,58.86,38.27,2.74,87.27,3.2, dry,ACS
19.6,SS,8.55,12.19,15.82,11.44,7.0,13.61,37.06,6.46,97.73,1.81,rainy,VOC
34.6,SS,7.78,8.01,11.48,7.26,2.0,9.91,37.29,3.65,97.44,1.4, dry,Dehydration
40.2,SS,8.59,4.94,12.47,5.94,2.0,8.45,37.52,3.6,98.29,0.77,dry,Dehydration
29.5,SBeta-thal,7.2,7.21,7.34,5.4,1.0,4.58,36.61,4.24,98.53,44.16,rainy,AVN
21.2,SS,9.6,6.5,12.13,8.45,0.0,5.34,37.53,4.98,98.12,35.47,dry,AVN
44.9,SS,8.57,5.39,11.11,4.81,2.0,9.42,37.16,5.21,97.33,88.82,rainy,AVN
37.4,SS,10.35,7.09,13.47,,3.0,38.79,38.15,2.8,95.05,0.78, dry,ACS
32.5,Hb SS,7.45,6.41,23.96,,2.0,22.39,39.45,4.11,97.57,2.07,Rainy,Infection
41.3,SC,8.59,6.41,11.79,7.45,2.0,19.84,39.43,5.37,90.61,1.61,dry,Infection
44.5,SS,7.94,6.93,19.1,6.44,5.0,18.59,36.85,,95.14,1.31,dry,VOC
18.5,SS,8.35,5.55,16.21,7.47,5.0,29.18,37.01,6.1,100.0,1.08,dry,Other
8.3,SS,9.27,3.43,12.97,,2.0,6.13,37.09,3.56,95.06,2.89,rainy,VOC
17.9,SS,10.05,10.0,27.74,7.91,5.0,53.73,37.06,4.28,92.05,2.28,rainy,ACS
29.0,SBeta-thal,8.63,,13.53,7.47,1.0,25.84,37.9,7.24,97.85,4.79,dry,Other
34.3,SS,8.64,4.43,19.07,11.38,4.0,62.48,38.61,4.94,88.98,2.31,rainy,ACS
17.2,SBeta-thal,9.14,7.89,27.31,11.05,1.0,71.79,39.17,2.55,91.8,2.27,dry,ACS
32.6,SBeta-thal,9.8,12.04,12.46 x10^9/L,8.71,5.0,42.57,37.08,4.92,98.65,13.09,dry,Other
29.3,SC,7.5,3.66,10.81,5.31,1.0,11.9,36.99,4.3,94.76,6.74,rainy,Other
16.0,SS,9.5,,10.3,9.28,7.0,3.21,37.25,4.33,94.19,3.8,dry,Other
29.2,SS,7.57,1.42,28.38,10.87,2.0,57.36,38.65,3.28,88.8,1.38,rainy,ACS
27.0,SS,8.75,8.82,7.15,5.74,4.0,21.22,37.03,6.53,96.94,0.97,dry,VOC
22.5,Sbeta thal,9.39,3.48,8.22,7.91,1.0,10.16,37.03,2.88,98.28,34.83,rainy,AVN
10.8,SS,10.23 g/dl,9.01,17.28,9.21,2.0,10.26,36.63,4.39,97.23,0.5,dry,VOC
19.0,SS,7.49,2.78,7.82,7.01,6.0,18.19,37.33,3.22,98.1,0.5,dry,VOC
40.2,SS,8.45,2.03,10.68,,1.0,14.01,37.08,6.06,95.31,0.5,dry,VOC
24.1,SS,7.35,1.54,13.28,7.08,4.0,19.63,37.87,5.0,96.97,0.71,Dry,VOC
16.6,SC,10.24,1.34,8.27,7.04,2.0,0.08,37.19,7.63,95.17,69.89,rainy,AVN
34.1,SS,8.99,7.46,19.52,9.17,1.0,48.35,36.99,6.29,94.28,9.33,RAINY,Other
31.9,SS,6.57,3.73,9.83,10.89,8.0,12.57,36.66,5.77,98.47,1.94,rainy,VOC
21.4,SC,8.92,0.52,14.67,10.58,1.0,36.74,37.2,5.21,92.21,5.77,rainy,Other
38.9,HBSC,7.14,0.44,15.37,6.71,2.0,26.76,37.44,4.66,90.83,9.84,dry,Other
22.8,SS,7.53,0.55,19.1,13.14,1.0,46.74,38.45,7.27,100.0,5.23,dry,Infection
41.8,SS,8.54,4.76,18.15,8.41,1.0,39.35,37.72,5.65,90.63,2.51,dry,Infection
40.2,Sbeta thal,8.56,13.77,9.3,5.0,2.0,6.59,36.96,0.92,98.71,2.5,dry,Dehydration
30.0,SC,8.91,0.0,14.99,5.94,1.0,52.17,38.5,5.54,96.35,3.22,rainy,Infection
17.5,SS,8.74,1.21,8.93,6.89,3.0,7.74,37.67,4.84,100.0,4.71,rainy,Other
20.8,SS,8.95,8.1,20.21 x10^9/L,7.4,1.0,43.14,38.61,4.08,95.24,1.55,dry,Infection
30.4,SC,7.83,10.01,13.82,5.3,1.0,66.46,38.66,7.43,94.85,3.08,dry,Infection
22.6,SS,6.72 g/dl,6.3,9.12,5.07,1.0,7.88,36.9,3.36,96.91,71.14,dry,AVN
36.7,SS,8.61,4.24,8.69,10.13,4.0,0.0,37.45,1.13,93.47,1.14,dry,Dehydration
35.8,SS,6.53,2.69,10.5,6.86,8.0,31.85,37.5,5.91,94.08,1.38,dry,VOC
21.4,SC,7.41,7.6,13.39,7.53,0.0,8.67,37.13,3.44,99.81,2.95, dry,Dehydration
20.8,SC,8.76,7.49,16.61,3.86,1.0,59.29,38.69,2.1,95.2,3.77,rainy,Infection
32.4,SBeta-thal,10.18,3.61,14.19,7.62,0.0,11.94,36.79,2.66,98.51,1.48,dry season,Dehydration
21.4,SS,5.23,8.95,8.67,7.72,4.0,2.25,37.26,5.35,96.39,1.72,Rainy,Other
30.8,SC,7.28,10.64,19.16,6.55,3.0,87.69,39.18,5.23,92.02,4.58,rainy,Infection
43.0,HBSS,9.59,5.43,6.07,4.88,1.0,3.97,37.48,2.67,95.26,51.12,rainy,AVN
20.7,SBeta-thal,6.22,5.37,21.02,6.99,1.0,19.45,39.65,3.29,89.7,3.28,rainy,ACS
2.0,SS,6.82,8.41,10.97,10.01,2.0,18.01,36.41,6.64,94.48,1.33,dry,VOC
35.3,SS,6.84,6.24,18.33,,1.0,30.9,37.04,7.8,93.22,3.1,rainy,Other
15.8,SS,6.2,5.29,14.64,8.93,3.0,6.26,37.27,2.34,95.05,1.91,dry,Dehydration
45.7,SBeta-thal,8.53,3.02,7.2,6.22,0.0,8.74,37.05,8.36,99.09,53.35,dry,AVN
33.0,SS,8.85 g/dl,1.82,9.4,6.21,3.0,,36.74,5.27,98.39,50.17,rainy,AVN
36.8,SS,9.68,4.41,16.13,9.17,6.0,17.42,36.71,,97.55,1.95,dry,VOC
14.0,Hb SS,6.86,5.87,15.6,11.26,2.0,12.43,36.92,8.17,92.48,1.72,dry,VOC
35.0,SS,8.47,13.06,13.0,10.72,2.0,9.83,38.11,1.67,97.03,0.6,rainy,Dehydration
22.7,SS,7.5,10.97,18.43,9.26,2.0,21.98,37.41,4.72,88.19,1.19,dry,ACS
20.2,SBeta-thal,8.76,5.3,16.99,3.7,1.0,69.94,39.39,5.16,92.44,2.97,rainy season,Infection
21.2,SS,8.97,4.77,11.02 x10^9/L,7.49,2.0,16.76,37.62,2.77,94.4,0.71,rainy,Dehydration
36.6,SS,6.98,6.57,24.71,11.5,5.0,62.57,38.45,6.24,86.02,3.28,rainy,ACS
27.1,SBeta-thal,6.97,9.91,11.98,10.75,2.0,28.64,37.87,6.33,95.61,7.85,rainy,Other
5.0,SBeta-thal,8.57 g/dl,1.28,5.66,7.7,3.0,35.24,38.5,10.0,97.2,3.16,rainy,Other
29.3,SC,7.78,8.44,9.68,6.56,0.0,9.82,37.16,4.44,92.88,4.44,dry,Other
19.7,SC,9.33,5.61,19.0,5.67,2.0,1.26,37.4,2.07,96.54,2.59,rainy,Dehydration
44.0,Hb-SC,8.91 g/dl,7.56,15.65,10.65,3.0,33.23,38.05,4.73,88.92,2.65,dry season,Infection
30.4,SS,7.02,4.77,10.93,6.78,1.0,4.16,36.66,4.77,99.95,51.89,rainy,AVN
29.8,SS,5.76,7.1,18.71,13.43,3.0,,38.44,,91.29,2.26,rainy,ACS
8.6,HBSS,7.42,5.98,11.18,10.56,3.0,,37.75,3.3,95.85,2.51,rainy,VOC
24.3,SBeta-thal,7.08,3.94,12.32,8.92,1.0,8.38,37.03,3.51,95.64,29.82,dry,AVN
16.1,SS,8.98,5.36,6.0,8.68,2.0,,37.72,1.93,93.6,1.68,dry,Dehydration
29.6,SS,8.93 g/dl,6.87,18.78,8.25,1.0,95.57,39.33,6.05,97.14,1.7, rainy,Infection
14.7,SS,10.25,,13.25,9.46,2.0,78.1,38.33,6.52,91.27,1.98,dry,ACS
30.5,SS,8.87,0.54,8.5,7.16,3.0,24.19,36.65,4.93,94.3,1.77,rainy,VOC
16.7,SS,7.51,7.36,24.55,8.63,4.0,37.18,39.07,3.0,88.9,1.57,dry,ACS
25.9,SC,6.65,6.76,17.82,8.32,2.0,31.41,38.39,6.7,96.2,3.69,dry,Infection
48.0,SS,7.82,3.26,13.04,8.38,1.0,10.5,37.24,5.84,96.12,47.67,rainy,AVN
35.1,SS,8.36,2.12,13.87,8.13,1.0,64.95,38.11,7.8,94.12,1.31,rainy,Infection
12.2,SS,9.76,8.14,14.33,7.33,1.0,20.8,38.19,8.0,94.05,2.85,dry,Infection
22.4,SS,8.38,10.8,9.86,2.77,1.0,10.67,37.09,2.39,98.46,1.41,rainy,Dehydration
25.5,SS,9.34,6.62,10.89,4.96,1.0,5.09,37.07,2.34,99.82,2.07,dry,Dehydration
35.8,SBeta-thal,8.35,10.88,8.94,7.36,0.0,0.0,36.94,6.86,97.9,37.67,dry season,AVN
2.0,Hb-SC,10.57,1.47,12.28,8.98,3.0,21.38,37.01,10.0,96.3,2.23,rainy,VOC
31.4,SS,10.48,13.19,14.26,7.84,5.0,40.92,36.95,3.36,96.09,6.71,dry,Other
21.1,SS,8.36 g/dl,0.0,15.69,6.63,1.0,15.49,37.88,2.59,93.85,4.13,rainy,Other
23.5,SS,8.81,0.0,20.18,5.49,1.0,63.22,37.62,6.77,96.91,3.07,rainy,Infection
37.9,SS,7.75,8.98,16.68,7.33,3.0,4.99,36.89,2.82,95.46,3.93,dry,VOC
34.4, SS ,9.09,6.83,8.12,4.82,1.0,9.63,37.11,,96.3,71.69,rainy,AVN
33.9,SS,8.01 g/dl,6.05,9.89,7.38,2.0,4.37,37.72,2.92,95.6,0.5,rainy,Dehydration
25.3,SC,6.2,6.81,13.4,10.92,5.0,26.03,36.46,4.3,91.96,6.59,rainy,Other
27.6,SS,8.85,8.02,6.24,6.48,0.0,2.3,36.94,6.34,97.02,61.85,rainy,AVN
17.5,SS,7.58,8.23,16.5,8.89,2.0,93.42,38.39,6.19,91.09,5.28,rainy,Infection
21.3,SBeta-thal,9.1,1.01,7.6,2.15,1.0,35.55,36.88,2.62,95.06,3.69,rainy,Other
26.8,SS,7.67,5.01,8.3,6.23,0.0,6.69,37.16,4.66,95.82,44.43,rainy,AVN
44.6,SS,7.56,5.34,19.89,4.09,1.0,34.09,38.15,5.52,95.71,2.06,dry,Infection
43.4,sbeta-thal,8.81,,8.96,7.58,0.0,7.85,37.13,5.41,94.61,67.44,dry,AVN
42.3,SS,9.8,6.06,9.3,9.97,1.0,13.83,37.25,3.71,95.14,37.56,rainy,AVN
19.6,SS,6.64,7.69,18.52,5.45,2.0,61.31,38.9,3.69,84.51,0.85,dry,ACS
19.9,SC,7.62,8.86,15.47,,0.0,8.11,38.37,3.17,99.25,6.62,dry,Other
28.7,SS,7.85,8.36,11.02,11.17,3.0,39.55,39.08,5.06,89.2,1.83,Dry,ACS
15.1,SS,9.21,5.61,14.52,5.93,5.0,0.0,36.94,3.32,93.89,2.84,dry,Dehydration
18.7,sc,9.36,2.88,6.0,13.03,4.0,13.48,36.55,5.54,97.05,0.5,rainy,VOC
28.6,SS,10.05,12.05,13.18,10.58,0.0,0.89,37.17,2.05,96.7,0.5,DRY,Dehydration
33.2,SS,9.92,3.71,8.86,6.51,4.0,5.2,37.46,9.64,96.73,2.7,rainy,VOC
27.0,SS,8.2,7.52,10.6,13.23,2.0,51.45,37.41,2.52,90.0,2.51,dry,ACS
24.7,SS,10.06,2.29,16.47,5.68,2.0,43.89,38.29,4.49,93.82,1.1,Dry,Infection
22.0,SBeta-thal,7.68,0.01,12.1,7.42,3.0,4.7,36.86,10.0,98.53,49.2,rainy,AVN
17.5,SS,6.88,0.0,8.59,6.04,2.0,6.18,37.0,4.46,99.13,7.0,dry,AVN
27.6,SC,7.5,4.99,11.27,10.1,2.0,71.79,37.54,5.33,96.15,3.08,rainy,Infection
37.7,SS,8.57,1.73,12.55,5.93,3.0,8.86,37.62,,95.51,1.52,rainy,Dehydration
36.1,SS,8.71,6.81,8.01,2.28,0.0,8.99,37.02,5.25,95.73,7.0,dry,AVN
41.2,SC,9.98,3.8,11.05,9.11,3.0,14.24,37.02,2.69,96.67,1.71,dry,Dehydration
9.7,SS,8.22,11.25,18.82,7.96,4.0,49.7,39.38,2.16,88.05,1.65,rainy,ACS
25.6,SS,6.42 g/dl,1.14,10.66,8.95,3.0,38.12,38.97,4.05,92.54,4.78,rainy,Infection
31.2,SS,7.12,7.04,23.67,9.2,2.0,44.4,37.0,3.96,85.94,0.78,dry,ACS
27.4,SBeta-thal,7.81,8.55,10.9,10.97,4.0,23.44,37.13,2.92,95.81,3.71,dry,VOC
22.1,SC,6.76,10.04,14.05,9.05,5.0,17.31,37.11,1.06,92.1,4.91,rainy,Other
15.9,SS,8.91,6.15,9.56 x10^9/L,5.36,2.0,,37.26,4.99,97.53,54.74,Rainy,AVN
4.7,Hb-SS,9.97,2.86,14.83,7.28,9.0,25.8,37.29,4.35,92.12,0.5,rainy,VOC
21.3,SS,7.5,1.49,9.91,6.71,2.0,0.0,37.54,2.13,96.85,1.48,rainy,Dehydration
41.0,SS,7.44,1.86,18.41,4.49,1.0,76.48,38.29,,90.99,3.2,rainy,Infection
39.7,SC,10.18,5.32,12.91,5.08,2.0,7.47,38.17,3.74,91.8,6.01,rainy,Other
28.3,SC,8.01,1.38,11.14,7.98,4.0,20.43,37.26,3.05,97.7,1.81,rainy,VOC
17.2,SS,8.8,6.83,8.95,8.22,3.0,8.96,36.0,1.32,98.84,1.52,dry,VOC
34.6,SS,9.03,3.14,10.99,4.84,0.0,6.26,37.12,2.29,93.62,7.46,RAINY,AVN
16.3,SS,10.43,1.2,20.67,9.15,2.0,9.8,37.24,,92.2,4.11,dry,Other
30.3,SS,8.17,9.15,10.93,4.84,1.0,0.0,36.72,6.15,94.11,7.0,rainy,AVN
34.6,SC,8.04 g/dl,3.46,9.75,9.86,7.0,10.38,37.1,3.59,94.74,2.37,dry,VOC
29.9,SC,8.11,7.59,20.98,8.5,2.0,55.84,38.35,7.8,91.43,5.47, dry,Infection
23.3,SC,8.68,6.59,9.9,8.83,3.0,3.44,37.34,,98.92,2.28,rainy,Dehydration
4.5,SC,8.36,7.25,17.43,7.09,1.0,42.06,38.62,6.19,99.3,4.18,rainy,Infection
25.5,SS,6.71,8.89,6.99,9.66,1.0,3.71,36.9,5.81,97.26,9.38,rainy,Other
13.3,SS,5.94,9.73,12.79,8.89,1.0,10.41,37.6,2.93,100.0,3.95,rainy,Other
22.1,SC,8.13,4.4,5.0,10.47,0.0,46.43,38.05,3.42,99.11,11.44,dry,Other
31.1,SS,7.63,11.01,14.48,8.9,6.0,22.56,37.05,6.71,96.02,1.86,rainy,VOC
24.3,SC,8.19,4.95,11.61 x10^9/L,7.42,1.0,8.5,36.5,7.43,95.76,33.91,dry,AVN
28.0,SS,8.89,8.26,16.42,9.0,2.0,11.82,36.87,3.03,96.84,1.89,dry,VOC
36.6,SS,7.85,0.0,14.13,9.49,2.0,11.84,36.54,3.47,95.96,6.35,rainy,Other
10.6,ss,8.44,9.13,14.09,6.75,5.0,25.3,36.88,5.34,97.01,3.8,dry,VOC
4.3,SC,7.96,3.82,20.15,8.83,3.0,8.92,37.39,3.37,94.34,3.57,rainy,VOC
43.1,SS,8.77,7.0,11.88,3.85,2.0,5.25,37.27,5.18,100.0,32.19,dry,AVN
22.2,SS,8.89,5.7,14.2,7.65,4.0,20.71,37.24,4.32,96.49,3.28,dry,VOC
32.7,SC,8.35,2.12,8.45,5.68,1.0,7.61,37.51,7.18,96.52,70.35,rainy,AVN
35.0,SBeta-thal,7.24,0.94,17.31,4.83,0.0,65.55,37.53,8.04,95.4,2.93,dry,Infection
24.1,SC,9.38,7.78,20.49,11.05,3.0,50.87,38.4,6.62,83.76,1.2,dry,ACS
10.0,SS,7.37,9.32,15.14,3.16,1.0,13.06,37.5,3.73,97.31,0.5,dry,Dehydration
4.6,SC,7.32,4.77,19.22,5.21,4.0,39.64,38.6,5.0,93.47,5.38,rainy,Infection
16.6,SS,7.15,2.77,12.1,5.96,3.0,19.82,36.85,8.32,96.47,0.5,rainy,VOC
19.2,SS,11.0 g/dl,8.03,9.99,6.56,2.0,5.55,36.79,4.45,100.0,38.71,rainy,AVN
23.1,SS,7.06,8.2,12.7,6.57,1.0,11.87,37.42,1.79,95.57,1.35,dry,Dehydration
30.6,SS,8.42,,12.7,10.07,2.0,0.0,38.09,5.1,94.1,5.21,rainy,Other
28.1,SBeta-thal,7.1,7.57,15.19,7.56,7.0,17.62,36.68,4.55,97.14,2.74,dry,VOC
26.7,SBeta-thal,8.97,11.69,11.93,8.9,1.0,1.96,37.81,0.79,98.12,1.92,rainy,Dehydration
13.3,SC,6.23,2.97,10.55,9.05,3.0,18.88,38.78,3.72,92.02,2.83,rainy,Infection
24.3,ss,9.12,3.02,14.18 x10^9/L,14.68,6.0,12.51,36.85,2.77,95.7,1.33,rainy,VOC
42.9,SS,9.51,3.24,7.24,7.57,1.0,0.0,37.17,6.08,96.69,21.87,rainy,AVN
,,,,,,,,,,,,,
34.2,SC,8.73,5.72,11.7,6.61,2.0,26.15,36.3,3.3,94.66,1.9,dry,VOC
28.3,Hb-SS,5.8,12.79,17.93,4.78,1.0,4.72,37.12,3.43,93.8,0.5,dry,Other
21.0,SS,7.07,6.97,12.68,7.82,5.0,43.06,38.88,5.85,89.61,3.31,rainy,Infection
52.3,SS,8.33,3.04,14.82,5.18,1.0,7.05,36.73,3.61,96.58,0.5,dry,Dehydration
42.9,SS,8.57,8.65,15.31,7.97,3.0,11.94,36.47,4.76,95.59,0.5,dry,VOC
24.0,SS,9.11,8.38,19.21,9.81,4.0,42.46,39.57,5.39,95.21,4.69,dry,Infection
26.7,SS,7.02,7.1,23.08,12.12,3.0,61.1,37.16,4.32,88.88,2.48,rainy,ACS
24.8,SS,8.88,3.32,13.91,6.41,2.0,32.7,38.3,5.48,89.98,1.07,dry,ACS
36.3,SS,8.49,8.92,16.73,11.83,2.0,6.22,37.28,2.06,94.41,3.56,dry,VOC
30.8,Hb SS,8.46,3.58,10.03,9.8,1.0,9.65,37.46,0.0,96.52,1.28,rainy,Dehydration
32.9,SBeta-thal,9.31,8.62,16.24,,3.0,7.36,36.89,4.93,98.88,1.95,rainy season,VOC
35.5,SS,7.57,4.09,19.73,7.32,0.0,37.46,38.51,4.51,90.77,1.89,dry,ACS
24.0,SC,7.5,8.59,16.08,8.14,3.0,55.91,39.25,4.27,98.52,3.41,dry,Infection
15.8,SS,9.01,4.39,10.97,7.6,2.0,38.24,38.65,3.31,95.1,2.8,dry,Infection
34.6,SS,6.72,7.06,9.6,5.75,4.0,15.89,37.52,0.98,99.29,0.5,dry,Dehydration
40.4,SC,7.95,4.69,17.94,12.64,2.0,24.47,36.89,5.99,100.0,0.5,rainy,Other
34.9,SC,7.89,7.44,9.39,8.14,2.0,7.64,37.22,2.71,99.55,101.65,rainy,AVN
5.5,SS,6.9,9.97,15.75,10.87,2.0,21.26,39.96,2.65,85.21,2.63,rainy,ACS
33.6,SS,11.0,13.99,13.72,11.03,5.0,21.53,37.31,7.18,95.82,3.38,dry,Other
37.9,SS,9.43,9.33,8.45,8.38,4.0,2.56,37.03,2.54,97.33,2.53,Rainy,Dehydration
23.3,SS,7.83,6.42,15.42,14.64,4.0,63.52,38.75,,98.09,4.82,dry,Infection
10.8,SS,8.49,,17.09,4.26,6.0,19.89,36.14,4.1,98.28,2.02,rainy,VOC
33.3,SBeta-thal,8.01,8.33,16.74,9.03,5.0,43.22,37.8,6.42,83.16,2.25,rainy,ACS
15.7,SS,6.57,2.41,10.0,9.97,3.0,25.47,38.25,3.01,89.65,0.97,dry,ACS
14.4,SC,7.95,5.45,10.96,12.06,4.0,18.3,37.17,8.35,95.19,1.39,dry,VOC
12.4,SS,7.04,8.25,7.94,6.67,5.0,13.11,36.29,3.05,97.1,2.47,dry,VOC
3.6,SBeta-thal,9.46,8.84,13.19,5.45,0.0,0.0,37.12,2.13,94.51,0.88,DRY,Other
7.1,SS,7.36,6.89,9.79,10.61,4.0,17.35,37.77,3.31,92.39,13.72,rainy,Other
37.8,SS,7.7,9.85,14.0,8.27,2.0,56.36,38.36,6.57,94.34,2.48,rainy,ACS
35.1,SS,7.26,4.1,14.85,3.18,3.0,15.81,37.45,8.29,94.85,1.98,dry,VOC
27.2,SS,6.29,7.93,10.63,6.81,0.0,9.86,36.92,5.44,96.92,56.25,dry,AVN
48.6,SS,9.0,5.43,9.87,10.93,1.0,4.94,36.94,5.77,96.6,49.7,rainy,AVN
29.2,ss,7.42,2.63,16.13,,1.0,30.88,38.73,,91.63,2.88,dry season,ACS
31.6,SC,7.66,12.58,17.42,8.25,2.0,6.11,37.52,2.75,93.98,3.7,rainy,Other
10.8,SS,7.43,1.99,11.6,7.96,0.0,11.59,37.65,3.76,95.21,3.0, rainy,Dehydration
33.6,SS,9.08,8.56,11.18,6.38,1.0,6.59,37.24,5.42,97.54,69.03,rainy,AVN
31.1,HBSS,9.09,9.24,12.77,13.2,3.0,,37.2,4.6,97.23,6.71,rainy,Other
16.0,SC,9.6,9.71,5.0,8.13,2.0,5.29,37.09,4.21,98.5,65.86,rainy,AVN
23.1,SS,8.02,3.85,9.83 x10^9/L,5.26,1.0,11.05,37.13,1.93,93.73,1.88,rainy,Dehydration
24.4,SS,7.07,6.53,16.34,5.62,4.0,68.01,38.56,6.54,94.54,1.82,dry,Infection
23.4,SS,7.67,8.49,17.37,6.17,1.0,94.79,38.54,6.66,93.66,1.42,dry,Infection
2.0,SC,9.82,10.32,19.56,7.25,3.0,,39.88,5.39,91.64,0.98,rainy,Infection
22.3,SS,9.14,0.92,12.15,7.14,1.0,13.99,37.69,1.1,96.91,1.05,dry,Dehydration
23.1,SC,7.61,11.21,21.98,15.4,3.0,83.62,37.76,0.48,86.52,0.5,rainy,ACS
26.5,SS,9.73,7.66,11.89,6.87,2.0,11.87,37.3,5.34,95.61,83.52,dry,AVN
33.3,SS,9.24,2.87,12.07 x10^9/L,6.28,1.0,6.5,36.52,8.74,98.57,90.67,dry,AVN
43.4,SS,9.29,0.0,7.21,7.11,1.0,8.45,36.95,3.31,98.33,57.87,dry,AVN
6.0,SS,7.09,3.39,19.0 x10^9/L,,5.0,5.38,36.89,3.45,96.33,1.23,dry,VOC
9.0,SS,6.91,12.27,17.36,4.51,2.0,2.55,36.2,4.81,95.05,5.06,rainy,Other
15.7,SS,5.5,2.96,13.64,6.33,2.0,13.95,37.55,0.44,96.05,1.47,dry,Dehydration
39.3,SS,9.67,,7.47,2.0,0.0,1.63,37.13,4.9,96.66,65.3,dry,AVN
37.7,HBSS,6.32,0.0,11.88,7.95,1.0,44.01,37.94,4.76,95.08,3.35,dry,Infection
19.4,SS,6.67,10.39,12.29,5.77,1.0,6.43,37.11,0.41,98.17,2.78, dry,Dehydration
47.0,SS,9.79,7.07,15.89,7.19,6.0,0.86,37.04,6.53,95.97,0.5,rainy,VOC
25.8,HBSS,7.42,4.85,10.24,3.72,2.0,34.07,36.6,3.42,93.73,4.87,rainy,Other
28.9,SS,7.44,6.09,12.24,7.04,1.0,8.86,36.68,2.05,96.78,2.65,dry,VOC
21.7,SS,8.97,0.0,12.69,4.51,2.0,23.36,36.92,5.71,92.18,14.38,dry,Other
28.0,SBeta-thal,8.13,6.25,15.36,7.78,0.0,8.51,37.21,1.48,97.31,0.99,dry,Dehydration
17.7,SS,7.81,6.21,6.89,8.93,2.0,11.89,36.99,7.57,92.08,6.99,rainy,Other
25.0,SS,7.97,2.97,8.12,7.62,2.0,11.82,37.69,2.36,97.96,3.69,rainy,Dehydration
25.0,SS,5.82,4.59,15.46,5.15,4.0,13.95,37.07,5.18,97.3,0.5,dry,Other
16.1,SS,9.7,0.0,13.24,,1.0,,36.46,6.85,95.89,4.39,dry,Other
18.7,SS,7.62,,10.02,4.67,2.0,7.83,37.72,3.87,95.46,3.72,dry,VOC
29.7,SS,9.53,0.98,7.73,7.95,1.0,3.64,36.97,,96.69,19.29,dry,AVN
41.9,SS,8.55,1.98,11.42 x10^9/L,9.95,3.0,0.0,37.13,3.74,95.09,7.0,dry,AVN
31.3,SC,8.2,5.74,20.05,12.57,0.0,34.6,37.72,2.35,94.88,10.99,dry season,Other
18.3,SS,6.76,3.81,14.32,12.16,1.0,,37.11,5.93,86.63,0.88,rainy season,ACS
28.3,SS,7.91,8.98,9.96,6.55,0.0,9.52,37.16,7.09,97.68,58.87,rainy,AVN
22.6,SS,9.2,5.28,13.89,7.28,0.0,8.95,37.23,4.79,95.25,58.4,dry,AVN
35.0,SS,8.25,6.39,13.78,13.41,1.0,15.37,36.63,1.21,95.4,7.11,dry,Other
33.2,SS,7.71,9.03,22.41,6.88,0.0,30.83,38.06,5.72,95.08,1.55,DRY,Infection
33.3, SS ,8.81,,23.36,8.71,4.0,15.19,37.46,4.24,87.7,1.33,Rainy,ACS
26.3,SS,8.86,4.53,8.67,7.87,2.0,8.87,37.17,2.55,96.89,0.5,dry,Dehydration
17.7,SS,8.42,3.53,12.78,8.77,1.0,13.74,36.94,7.05,93.57,1.01,rainy,VOC
29.7,Hb SS,7.67,1.96,15.71,10.94,0.0,40.2,39.34,4.45,98.55,5.11,dry,Infection
21.9,SC,5.0,6.01,12.91,7.03,1.0,0.0,38.26,4.43,88.81,4.17,rainy,Other
45.9,SS,8.17,2.6,12.55,6.97,1.0,48.47,38.54,6.37,91.91,1.98,dry,Infection
13.5,SS,8.1,6.06,21.1,8.7,2.0,67.35,38.88,2.63,92.18,2.6,dry,ACS
28.7,SBeta-thal,7.87,2.17,20.54,8.32,3.0,51.19,37.13,4.36,94.72,1.18,dry,ACS
33.8,SS,9.43,10.11,13.73,6.95,1.0,16.01,36.86,2.9,93.06,2.76,dry,VOC
33.2,SC,7.74,4.33,7.98,6.7,4.0,7.83,36.87,2.69,96.88,36.92,rainy,AVN
36.8,SS,9.37,5.71,11.79,11.76,2.0,43.28,37.51,7.2,90.99,3.43,rainy,Infection
31.6,ss,9.48,6.0,18.51,4.16,4.0,54.09,39.07,5.14,91.36,3.85,rainy,Infection
22.8,SS,7.54,4.07,16.54,13.19,1.0,28.33,37.77,4.21,92.2,1.14,dry,ACS
15.8,SS,8.3,2.99,7.8,6.34,3.0,6.15,37.71,2.85,96.87,1.74,dry,Dehydration
29.7,SC,7.87,5.81,11.88,15.06,3.0,21.45,36.86,6.97,96.11,8.75,dry season,Other
25.0,SC,9.01,6.63,20.73,6.65,5.0,46.4,38.26,4.13,85.53,2.52,dry,ACS
26.7,SS,9.48,6.77,15.47 x10^9/L,7.78,7.0,35.19,39.36,5.22,93.41,4.9, dry,ACS
25.9, SC ,10.38,6.38,10.12,4.1,4.0,21.77,37.12,4.99,93.63,3.58,dry,Other
18.7,Hb SS,9.12,5.72,7.73,5.33,4.0,5.63,36.85,5.11,99.46,0.82,dry,VOC
16.8,SS,7.78,8.44,17.55,5.72,5.0,52.25,38.36,6.49,99.43,3.87, dry,Infection
27.4,SC,10.41,3.91,12.72,6.04,4.0,34.08,36.45,4.92,95.27,4.5,dry,Other
27.1,SBeta-thal,8.34,5.39,22.52,3.82,5.0,2.03,37.78,4.89,98.23,5.16,rainy,Other
22.6,SS,9.65,3.27,9.01,4.74,1.0,10.57,37.32,4.7,97.04,33.16,rainy,AVN
36.2, SS ,8.32,0.43,9.57,7.66,1.0,6.15,36.79,5.6,98.1,70.87,dry,AVN
30.3,SS,8.98,3.22,9.48,9.83,1.0,12.79,37.3,0.96,92.73,0.5,dry,Other
22.8,SS,7.66,4.85,9.6,6.0,3.0,18.96,36.99,6.96,95.86,0.5,rainy,Other
30.6,SBeta-thal,7.23,0.0,10.66,5.95,3.0,20.72,37.29,0.7,96.0,1.33,dry season,Dehydration
12.6,SS,8.8,3.41,14.36,11.35,5.0,12.88,36.92,1.92,95.78,1.29,rainy,Dehydration
12.0,SS,8.19,10.3,7.68,6.08,1.0,11.14,36.54,3.07,99.23,63.33,DRY,AVN
37.8,SS,9.05,5.85,11.06,2.0,1.0,6.87,36.58,7.68,95.96,58.35,rainy,AVN
18.1,SBeta-thal,8.1,4.53,10.14,9.88,2.0,7.04,37.14,1.87,97.31,0.98,dry,Dehydration
10.9,SS,6.18,4.43,21.18,7.51,2.0,45.3,39.28,2.03,94.8,2.96,dry,ACS
-5.0,SS,8.81,8.6,10.94,2.0,3.0,6.32,37.07,1.12,95.98,2.03,dry,Dehydration
7.6,SS,7.61,8.05,22.93,11.45,1.0,70.89,37.91,2.18,96.09,1.49,dry,Infection
19.1,Hb SS,8.39,4.14,22.46,7.83,4.0,40.12,38.68,4.47,91.05,1.59,dry,ACS
17.3,SS,9.89 g/dl,6.54,13.71,7.84,0.0,2.81,37.07,5.45,98.78,21.78,dry,AVN
18.4,SS,9.92,1.77,12.21,10.96,2.0,4.24,37.36,2.27,95.09,0.63,rainy,Dehydration
23.2,SBeta-thal,9.47,6.9,11.1,7.8,1.0,5.43,36.54,0.28,96.3,1.39,Dry,Dehydration
9.4,SS,11.0,6.05,15.03 x10^9/L,5.48,2.0,59.96,39.35,,95.41,3.43, dry,Infection
27.5,SS,9.58,5.69,25.1,,2.0,67.65,38.42,0.71,87.34,4.91,dry,Infection
7.7,SC,8.76,11.06,15.35 x10^9/L,5.33,4.0,15.52,37.17,5.99,94.39,1.59,rainy,VOC
11.4,SS,7.26,8.75,16.65,10.66,0.0,41.44,38.83,7.61,99.17,3.06,dry,Infection
24.0,SS,9.08,2.9,19.91,10.11,2.0,78.71,38.01,5.11,80.15,2.82,dry,ACS
28.3,SS,8.81,9.63,18.54,12.5,4.0,53.2,38.73,4.75,95.84,3.03,dry,Infection
32.1,SS,6.43,1.21,5.0,6.68,2.0,17.76,36.82,4.53,93.9,5.99,dry,Other
24.2,SC,8.02,8.51,16.26,7.38,3.0,56.46,38.0,4.93,91.01,1.48,rainy,Infection
25.2,SS,6.26 g/dl,7.05,14.19,10.22,3.0,22.79,37.0,5.39,94.53,1.04,dry,ACS
47.2,SS,8.93,0.0,7.96,10.87,0.0,7.99,36.25,3.07,98.33,45.9,rainy,AVN
37.0,SS,8.95,1.78,10.71,4.74,1.0,4.7,36.97,10.0,95.86,50.66,rainy,AVN
22.4,SS,6.51,4.96,13.65,5.17,8.0,54.3,38.26,3.38,88.71,3.65,rainy,ACS
8.4,SS,7.91,4.06,12.18,5.31,4.0,17.05,37.34,5.79,97.25,2.42,dry,VOC
9.5,SC,8.88,4.8,10.84,5.12,0.0,8.94,37.4,2.6,96.04,0.5,dry,Dehydration
10.6,SS,9.02,3.64,9.23,8.82,1.0,42.52,36.0,6.81,96.63,0.5,dry,Other
17.0,SC,7.63,,13.95,10.08,2.0,56.47,38.29,4.03,98.22,4.15,rainy,Infection
30.9,sc,7.67,5.36,14.99 x10^9/L,7.54,6.0,10.89,37.12,8.81,93.89,0.5,rainy,VOC
29.9,SBeta-thal,8.39,2.96,6.87,9.31,0.0,1.85,36.67,4.87,97.51,40.45,rainy,AVN
32.5,SS,9.05,8.81,11.69,12.29,6.0,4.61,36.97,1.06,99.24,1.26,dry,Dehydration
37.8,sc,8.48,,17.19,7.82,2.0,,37.79,1.83,89.86,3.23,dry,ACS
19.7,SS,8.28,8.67,11.55,5.73,1.0,10.56,37.71,1.26,98.0,0.5,dry,Dehydration
21.4,SS,8.95,5.2,17.34,8.82,2.0,21.26,38.49,4.95,97.57,0.5,rainy,Infection
29.0,SS,7.04,4.02,9.82,4.52,0.0,9.54,36.84,6.81,96.84,73.68,rainy,AVN
-5.0,SS,10.08,4.04,6.49,5.14,1.0,8.68,36.57,6.06,97.04,31.71,rainy,AVN
42.5,SC,9.71,6.9,10.69,7.82,2.0,0.0,36.81,5.21,99.72,0.5,rainy season,Other
22.7,SS,8.93,4.18,11.4,,5.0,12.26,36.41,6.42,95.34,3.34,dry,VOC
29.1,SBeta-thal,8.43 g/dl,4.54,10.67,9.38,1.0,2.66,37.41,2.41,95.99,3.09,dry,Dehydration
33.6,SS,11.0,5.62,13.21,8.48,3.0,,37.0,6.74,95.29,6.61,rainy,Other
25.0,Hb-SS,9.87,3.84,23.57,5.4,3.0,66.1,38.85,4.53,96.54,5.79,dry,Infection
33.8,SS,8.67,4.73,10.0,11.25,2.0,52.32,37.73,5.18,93.16,4.06,dry,ACS
32.9, SS ,7.73,3.02,10.87 x10^9/L,7.94,2.0,7.08,37.21,6.63,97.04,43.77,rainy,AVN
38.8,SS,6.74,7.46,9.28,5.28,2.0,18.98,37.21,2.73,95.79,0.5,dry,VOC
20.6,SS,8.47,9.2,13.33,10.67,2.0,0.0,37.55,1.17,96.27,1.28,dry,Dehydration
28.5,SS,6.92,4.34,16.21,10.51,0.0,19.95,36.54,,96.29,1.44,RAINY,VOC
22.6,SS,8.48,4.61,15.01,5.82,0.0,13.25,37.2,4.29,95.07,63.64,dry,AVN
22.1,SC,8.31,5.98,8.38,8.31,2.0,25.58,36.86,4.67,99.8,3.77,dry,Other
14.7,SS,8.56,4.79,25.6,5.92,2.0,51.06,37.62,1.96,90.33,2.82,rainy,ACS
35.9,SS,8.19,7.32,13.68,10.26,3.0,59.9,38.34,6.1,83.87,2.03,rainy,ACS
16.4,SS,6.82,1.71,5.68,7.04,2.0,6.07,36.44,4.22,96.89,36.08,rainy,AVN
18.7,SS,7.52,13.31,21.38,8.69,3.0,12.58,38.55,6.0,90.0,2.67,dry,ACS
28.0,SS,8.26,3.63,11.69,9.23,4.0,17.57,36.89,5.03,99.3,6.44,dry,Other
33.4,SS,6.41,,19.44,11.54,2.0,42.85,40.25,6.09,90.3,0.78,rainy,ACS
2.1,SS,8.31,3.76,22.69,5.85,1.0,32.73,38.53,7.46,95.53,4.87,dry,Infection
35.9,SBeta-thal,10.23,3.31,9.28,6.5,1.0,25.03,37.44,5.54,96.06,0.5,dry,Other
51.8,SS,9.6,,15.86,6.74,0.0,2.26,36.5,4.98,97.06,53.23,rainy,AVN
28.6,SS,8.7,12.83,15.91,5.05,1.0,24.62,36.83,6.6,97.86,5.09,rainy,VOC
9.0,SC,6.68 g/dl,3.96,6.61,6.5,1.0,21.62,37.46,2.56,97.22,11.55,rainy,Other
24.7,SC,7.49,2.72,18.55,,3.0,65.21,37.59,7.71,85.41,0.5,rainy,ACS
29.0,SC,9.55,8.33,7.38,10.65,4.0,6.68,37.03,5.91,94.84,42.58,dry,AVN
24.4,SC,8.29,8.23,5.87,5.23,0.0,41.48,37.71,4.99,96.21,4.59,rainy,Other
11.2,HBSC,9.61,6.42,9.01,6.44,4.0,11.96,36.58,0.0,95.52,3.07,dry,Dehydration
46.0,SBeta-thal,7.47,6.93,9.34,5.5,3.0,5.45,36.59,2.42,99.9,56.58,rainy,AVN
21.6,SS,7.37,11.59,11.39,9.66,2.0,0.0,37.8,2.09,97.31,0.5,dry,Dehydration
6.7,SS,8.73,5.71,16.42,6.8,6.0,19.34,36.99,6.25,95.08,0.5,dry,VOC
23.1,SS,9.18,3.31,10.02 x10^9/L,8.51,3.0,10.18,36.84,1.16,94.64,1.99,dry,VOC
17.4, SS ,8.67,5.91,16.37,7.79,4.0,68.14,39.1,5.69,97.39,4.1,rainy,Infection
24.4,SS,7.61 g/dl,11.96,10.34,7.73,1.0,14.17,37.97,1.09,98.65,2.05,dry,Dehydration
29.6,SBeta-thal,8.5,4.4,10.93,6.78,0.0,2.89,37.09,6.27,96.53,16.7,rainy,AVN
19.4,SC,7.36,5.82,9.78,10.14,3.0,13.17,36.36,2.86,96.45,3.58,dry,VOC
31.4,SS,9.65,5.51,9.24,9.16,3.0,5.69,36.68,4.01,99.21,35.63,dry,AVN
26.1,SS,9.47,6.85,17.54,10.24,2.0,20.17,39.1,3.77,93.82,2.68,rainy,Infection
23.9,Hb-SC,9.17,6.39,9.94,8.13,1.0,3.91,36.82,1.81,96.18,72.62,rainy,AVN
21.6,SS,7.5,6.74,19.77,9.08,3.0,91.77,39.73,9.08,92.65,3.85,dry,Infection
19.6,SS,8.86,0.82,6.64,10.11,5.0,3.11,36.6,3.71,97.6,1.17,dry,Dehydration
4.9,SC,6.94,3.05,11.83,6.26,3.0,7.73,37.15,2.98,98.27,0.5,dry,Dehydration
36.3,SS,9.01 g/dl,8.44,10.36,4.95,2.0,7.89,37.02,4.41,96.73,80.34,rainy,AVN
32.8,SS,6.8,2.05,15.04,10.07,4.0,46.29,38.84,0.69,90.93,1.03,dry,ACS
20.9,Hb-SS,8.28,0.0,10.81,8.99,1.0,9.36,37.21,6.61,98.02,28.61,rainy,AVN
25.9,SS,7.08,2.61,10.0,2.0,4.0,25.71,37.81,3.34,94.44,2.73,rainy,Infection
33.3,SBeta-thal,6.89,4.59,13.79,9.13,5.0,13.11,37.07,,95.26,0.5,dry,VOC
22.5,SS,5.84,2.63,14.74,7.69,0.0,4.61,36.29,3.5,97.6,50.94,Dry,AVN
20.0,SS,8.35,8.37,18.78,8.94,5.0,15.0,38.26,7.23,94.69,3.18,rainy,Infection
29.0,SS,6.58,3.12,18.08,12.59,6.0,42.35,39.61,3.35,82.93,0.6,dry,ACS
37.4,SS,9.16 g/dl,5.7,14.32,7.77,2.0,11.07,37.08,6.18,94.84,46.53,rainy,AVN
30.3,SC,8.38,8.43,8.53,7.77,3.0,11.88,37.09,7.73,99.44,16.95,rainy,AVN
29.2, SC ,7.98,2.61,14.09,7.67,2.0,39.92,37.74,4.73,95.24,9.06,dry,Other
22.6, SC ,6.91,6.39,7.14,6.75,1.0,41.25,36.51,4.99,94.07,6.86,rainy,Other
14.2,Hb-SS,7.97,3.73,18.82,4.5,1.0,58.8,39.46,4.71,93.19,2.18,rainy,Infection
34.2,SC,6.65,3.95,5.65,13.01,3.0,6.66,37.82,7.23,95.81,2.43,rainy,Other
24.8,SS,8.55,8.17,20.08,10.38,4.0,23.66,38.29,3.83,80.37,1.35,dry,ACS
19.9, SS ,7.8,8.31,12.63,7.81,4.0,23.45,38.11,6.48,93.34,4.27,dry,ACS
19.0,SS,9.24,7.42,6.0,8.89,2.0,0.0,37.38,0.36,96.57,1.66,rainy,Dehydration
27.5,SBeta-thal,7.69,3.7,5.54,5.32,0.0,0.25,37.03,6.46,96.95,32.53,dry,AVN
33.8,SC,9.96,11.74,6.56,8.36,5.0,17.8,38.67,1.2,98.41,4.93,dry,Other
28.9,SC,9.1 g/dl,4.46,12.74,3.82,2.0,7.78,37.8,2.61,96.81,2.29,dry,Dehydration
30.0,SS,9.83,7.21,19.05,8.32,2.0,51.28,37.76,4.15,90.87,3.98,rainy,Infection
45.8,SS,8.44,2.17,10.77,4.23,1.0,3.19,36.92,7.12,98.66,68.16, dry,AVN
34.9,SC,6.55 g/dl,2.4,10.75,3.95,3.0,,36.44,7.03,99.73,114.93,dry,AVN
33.1,SS,10.07,5.53,10.53,11.33,2.0,40.0,37.38,7.75,94.3,9.36,rainy,Other
26.6,Hb-SC,8.92,10.63,20.92,5.27,3.0,42.91,39.77,5.91,89.97,2.92,rainy,ACS
31.6,SS,6.07,6.76,15.08,5.18,2.0,28.02,37.81,3.03,97.05,2.67,dry,VOC
8.0,SS,7.37,4.26,10.07,4.61,2.0,13.49,37.66,5.99,94.2,17.2,rainy,Other
19.7,SS,7.99,11.36,9.33,4.06,0.0,2.91,36.42,6.44,95.63,53.03,dry,AVN
27.2,SS,8.66,11.19,11.43,4.59,1.0,6.24,37.36,2.37,99.6,1.5,rainy,Dehydration
22.4,SS,9.17,8.49,21.54,7.57,7.0,38.87,38.56,,88.41,1.05,Dry,ACS
2.0,SS,8.96,6.63,13.16,9.22,1.0,5.91,37.47,3.68,96.85,2.98,rainy season,Dehydration
22.1,SC,8.33,10.65,23.98,13.93,8.0,58.01,39.97,3.91,87.79,1.31,dry,ACS
20.1,SC,8.02,12.36,8.83,8.27,2.0,38.52,36.0,2.59,96.99,1.48,dry,Other
13.2,SC,8.6,7.0,10.57,10.69,2.0,25.41,37.25,5.59,98.49,5.38,rainy,VOC
25.4,SC,6.67,3.54,12.68 x10^9/L,2.21,3.0,25.84,37.65,8.98,94.93,5.62,rainy,Other
17.6,SS,7.19,4.17,16.38,11.44,3.0,7.0,37.14,5.84,95.82,3.21,dry,VOC
26.8,SS,6.96,6.18,10.0,8.17,3.0,10.39,37.66,4.97,89.33,3.62,dry,ACS
19.6,SC,5.87,6.77,15.54,5.06,5.0,19.91,37.3,4.05,91.04,0.8,dry,VOC
7.2,SS,7.59,5.4,21.22,4.62,1.0,46.45,37.34,5.3,92.71,2.41,dry,ACS
22.5,SS,9.29,13.91,8.25 x10^9/L,12.35,1.0,2.82,37.71,,96.15,39.91,rainy,AVN
16.2,SS,6.94,2.84,12.57,5.96,3.0,12.51,36.82,4.63,93.41,4.05,dry,VOC
18.9,SS,8.19,2.61,11.73,8.55,0.0,0.93,36.97,3.08,96.78,61.19, rainy,AVN
29.2,SC,9.64,6.52,12.71,10.18,2.0,0.0,37.04,4.28,95.26,4.77,rainy,Other
16.9,SS,8.07,3.75,11.68,8.28,3.0,11.65,37.52,3.89,98.5,4.18,dry,Dehydration
28.7,SS,7.42,10.15,7.86,9.26,3.0,18.39,36.95,1.05,95.5,2.71,dry,Dehydration
22.6,SC,9.87,7.07,25.85,7.89,3.0,,39.37,4.35,93.0,1.23,rainy,Infection
28.6,SS,7.61,7.4,13.43,14.99,2.0,46.54,38.0,4.93,95.15,4.28,dry,ACS
35.3,SS,6.49,3.46,8.22,9.11,6.0,12.34,37.0,4.8,96.76,2.29,dry,VOC
33.7,sc,7.63,7.2,7.26,7.35,3.0,11.25,38.04,4.48,95.4,0.5,rainy,Other
33.9,SS,8.6,0.76,8.9,5.56,1.0,4.35,36.86,5.62,98.44,51.97,dry,AVN
18.1,SS,6.63,2.38,18.73,10.69,4.0,46.06,38.57,8.12,96.14,1.86,rainy,Infection
25.1,Hb-SS,8.6,4.04,15.25,9.03,3.0,37.34,38.85,5.89,97.66,4.13,dry,Infection
5.5,SBeta-thal,8.42,2.73,14.89,11.27,3.0,10.63,36.21,6.72,96.03,3.33,DRY,VOC
24.8,SS,7.37,9.54,17.09 x10^9/L,9.56,2.0,31.25,38.3,4.07,93.87,1.96,rainy,ACS
4.0,Hb SS,8.97,7.78,13.19,4.39,1.0,7.56,37.22,1.21,92.47,2.66,dry,Dehydration
33.5,SS,8.52,8.16,10.73,7.41,0.0,4.11,36.91,5.95,96.74,72.79,rainy,AVN
38.2,SS,7.94,5.38,18.43,9.97,1.0,59.85,37.98,2.88,90.36,3.24,rainy,ACS
45.0,SS,8.23,3.15,12.49,8.46,0.0,9.08,36.65,5.35,98.94,28.07,rainy,AVN
31.4,SS,8.13,0.62,8.89,,3.0,13.98,37.3,6.61,97.59,35.86,dry,AVN
9.6,SS,8.9,,5.82,7.8,1.0,20.12,37.18,8.06,98.73,13.57,dry,Other
19.5,SS,9.77,3.68,14.44,9.42,3.0,15.69,37.82,5.52,90.34,2.55,dry,Infection
33.0,SS,10.02,7.84,6.82,8.48,1.0,6.73,37.17,5.58,97.72,23.43,rainy,AVN
5.5,SS,8.89,5.98,20.82,5.89,5.0,23.24,37.46,6.29,95.19,8.88,dry,Other
29.6,SS,7.19,6.2,12.92,9.48,4.0,33.7,36.85,5.08,94.4,1.58,dry,VOC
14.6,Hb SS,8.73,3.51,13.7,8.27,1.0,32.77,38.24,0.52,98.69,5.08,dry,Other
38.9,SS,5.82,14.15,14.06,2.0,3.0,,38.08,6.1,88.3,6.37,dry,Other
27.8,sc,9.73,7.74,8.77,11.27,1.0,3.85,37.9,4.19,98.51,2.82,dry,Dehydration
29.2,SBeta-thal,7.76,3.59,10.02,6.39,2.0,16.76,37.09,7.56,94.66,2.36,DRY,VOC
19.2,SC,7.49,9.32,15.58,9.19,7.0,,36.69,2.37,97.1,0.5,dry,VOC
34.2,SS,9.16,4.01,11.61,9.5,5.0,11.01,37.12,0.26,99.03,0.5,rainy,Dehydration
28.8,SS,6.22,3.0,21.35,7.32,2.0,56.36,38.16,,89.18,0.86,dry,ACS
23.8,SS,9.49,2.01,11.44,6.7,0.0,11.46,37.09,6.21,98.51,82.48,dry,AVN
25.1,SS,9.95,2.19,12.92,9.76,1.0,2.2,37.56,3.27,100.0,1.96,dry,VOC
18.6,SS,9.21,4.5,8.33,9.8,2.0,18.9,37.75,1.13,97.71,0.94,dry,Dehydration
27.0,SC,7.06,3.7,15.78,13.43,2.0,34.42,37.04,7.13,94.52,1.95,rainy,VOC
24.3,SS,6.56,6.79,23.53,8.2,0.0,75.26,38.76,4.03,95.49,4.81,dry,Infection
19.8,SS,5.96,5.18,15.33,11.12,4.0,15.09,37.85,2.33,96.97,9.13,dry,Other
26.4,SS,6.86,4.56,17.31,6.09,8.0,5.98,36.85,3.14,94.21,1.61,dry,VOC
28.2,SC,8.86,4.28,7.74,11.16,0.0,,36.79,6.67,90.31,1.99,rainy,Other
36.0,SBeta-thal,5.97,8.33,15.44,3.86,0.0,9.34,38.34,8.64,92.24,0.5,rainy,Other
2.0,SS,9.67,9.7,19.85,5.03,2.0,32.04,39.17,4.72,92.05,5.29,dry,Infection
25.6,SS,6.44,4.1,11.97,,0.0,52.19,38.68,6.24,89.88,3.13,dry,ACS
31.9,SS,6.59,5.58,9.87,5.79,2.0,2.82,37.05,3.31,92.89,5.54,dry,Other
28.4,SBeta-thal,9.38,4.41,13.16,8.77,3.0,0.0,36.52,3.7,99.51,11.08, dry,Other
31.7,SS,6.88,7.34,13.17,10.37,2.0,21.22,37.32,1.58,91.51,3.2,dry,VOC
22.5,SS,9.36,3.72,7.39,4.8,3.0,14.82,37.37,8.14,94.37,41.22,Rainy,AVN
37.9,Hb SS,8.63,6.85,13.74,7.16,5.0,27.36,36.73,3.65,92.83,1.09,dry,VOC
25.6,SC,10.06,5.53,9.43,8.79,4.0,1.82,36.89,0.79,88.59,5.46,rainy,Other
17.1,sc,10.32,8.11,11.15,2.0,4.0,8.48,36.77,4.47,97.29,78.46,rainy,AVN
38.7,Hb-SC,6.58,2.44,11.91,8.36,5.0,12.09,36.54,1.07,95.77,0.8,rainy,VOC
27.5,SS,9.36,8.49,10.73,6.56,7.0,11.82,36.85,2.22,98.16,1.15,dry,Dehydration
27.0,SS,7.43,4.36,11.62,8.74,4.0,42.82,37.9,5.25,89.33,2.68,dry,ACS
40.5,Hb-SS,6.88 g/dl,8.39,17.14,13.1,0.0,71.92,39.25,4.56,93.14,4.11,dry,Infection
37.2, SC ,7.36,2.94,16.69,8.15,2.0,66.53,38.19,4.07,95.75,2.77,dry,Infection
18.4,SS,7.67,6.69,14.37,8.15,3.0,88.41,38.89,3.45,88.82,2.68,dry,ACS
35.1,SS,8.81,7.27,18.11,10.47,2.0,58.16,37.64,5.12,79.81,0.5,dry,ACS
36.2,SS,7.42,6.75,5.95,2.0,2.0,12.13,36.39,7.57,96.48,6.16,rainy,Other
41.5,SBeta-thal,9.17,4.86,13.68,6.23,2.0,18.58,38.08,5.37,91.91,6.34,dry,Other
29.6,SS,8.58,3.43,10.03,8.32,2.0,0.74,36.65,4.98,97.12,39.04,dry,AVN
24.3,SS,7.64,7.02,23.92,12.59,5.0,61.28,37.92,2.35,91.64,3.36,rainy,ACS
20.4,SS,7.02,4.18,16.79,9.46,6.0,71.62,38.62,6.05,94.11,2.29,rainy,ACS
15.5,SBeta-thal,7.09,1.62,9.03,6.6,1.0,0.0,37.05,2.6,94.96,1.14,dry,Dehydration
21.9,SC,7.31,6.35,23.89,12.09,1.0,51.15,38.9,2.65,95.08,2.22,dry,ACS
25.7,SC,8.99,2.62,11.99,7.58,1.0,11.89,37.41,3.13,96.45,93.03,dry,AVN
17.0,SS,6.38,0.0,15.83,6.54,7.0,16.91,37.63,2.58,95.89,3.36,dry,VOC
41.8,SBeta-thal,6.58,6.33,11.13,4.84,1.0,3.82,37.29,3.55,98.3,7.0,rainy,AVN
44.1,SS,7.7,7.94,11.02,7.02,2.0,12.02,37.5,4.19,98.01,1.92,Rainy,Dehydration
25.8,SBeta-thal,8.57,,7.76,6.83,1.0,9.1,37.71,1.86,94.19,2.17,rainy,Dehydration
38.9,SC,8.45,4.16,19.41,7.26,3.0,51.42,37.72,1.77,90.24,1.89,dry,ACS
45.3, SS ,7.82,4.99,19.68,12.2,4.0,44.98,38.96,2.79,87.13,1.66,dry,ACS
28.8,SS,8.17,6.39,17.54,10.09,2.0,28.43,40.5,2.24,90.35,0.81,rainy,ACS
18.5,SBeta-thal,7.66,12.32,12.87,5.44,2.0,12.19,37.63,2.72,96.98,0.5,dry,Dehydration
37.8,SBeta-thal,9.49,7.67,20.71 x10^9/L,9.12,3.0,27.59,37.72,4.53,87.73,3.82,rainy,Other
21.7,SC,8.28,6.76,15.0,4.3,1.0,14.97,36.48,4.92,96.42,2.79,dry,Dehydration
25.0,SS,5.55,4.95,17.29,13.07,1.0,,37.86,4.41,95.05,2.23,RAINY,ACS
9.4,SBeta-thal,8.86,6.45,15.73,6.89,3.0,37.23,37.4,9.99,97.23,7.19,dry,Other
30.0,SC,6.86,5.6,9.41,6.57,4.0,26.16,37.24,6.59,88.48,2.66, dry,Other
50.9,SBeta-thal,8.45,6.73,28.06,10.58,3.0,40.04,38.97,4.92,88.28,3.37,rainy,ACS
21.6,SC,8.11,2.67,28.21,5.3,1.0,60.35,38.49,5.17,94.41,1.33,rainy,Infection
21.5,Hb SS,8.78,6.98,12.23,8.11,3.0,18.52,37.48,2.87,96.57,0.76,dry,VOC
12.0,SC,9.54,3.5,10.18,6.89,0.0,,36.87,8.87,98.67,70.51,Rainy,AVN
16.1,SC,10.27,5.81,8.14,9.34,0.0,9.42,37.06,3.54,96.11,2.9,rainy,Dehydration
26.4, SS ,7.55,6.78,16.07,8.59,7.0,19.85,36.46,6.39,93.2,1.2,rainy,VOC
47.7,SC,8.09,12.02,11.56,5.21,0.0,8.75,37.01,6.28,96.66,16.4,dry,AVN
2.0,SS,9.2,11.51,5.56,5.95,2.0,56.42,36.89,5.82,93.96,0.5,dry,Other
17.1,SS,9.75,8.48,15.31,11.42,5.0,11.29,37.19,2.68,99.01,1.21,dry,VOC
19.1,SS,8.13,6.44,15.29,8.56,4.0,10.71,37.23,2.86,94.6,3.1,rainy,Dehydration
17.7,SS,7.12,5.82,18.26,12.21,0.0,56.63,38.58,7.49,93.52,2.79,rainy,Infection
38.5,SC,8.75,7.16,12.94,5.2,1.0,7.46,37.17,0.28,97.22,1.4,dry,Dehydration
17.2,SS,7.69,1.58,12.69,8.19,1.0,7.08,37.37,0.7,94.97,2.02,dry,Dehydration
37.0,SS,7.57,,18.97,7.94,5.0,,36.56,4.42,96.13,3.02,dry,VOC
21.3,SS,7.98,9.41,16.95,12.0,4.0,10.14,36.34,3.98,98.65,2.55,rainy,VOC
29.0,SS,7.69,7.08,22.47,12.01,1.0,76.58,39.04,4.39,83.16,2.09,rainy,ACS
35.7,S/beta-thal,8.99,5.1,8.93,2.27,0.0,12.59,36.82,7.24,94.6,18.83,dry,AVN
42.1,SC,7.97,5.96,7.91,11.54,1.0,8.08,37.0,4.87,97.18,43.98,rainy,AVN
16.7,SS,8.47,3.54,12.42,5.97,2.0,18.85,36.83,0.82,98.72,1.09,dry,Dehydration
38.7,HBSS,9.99,6.71,10.91,8.91,3.0,8.64,37.12,1.71,97.55,2.77,dry,Dehydration
8.2,SC,7.46,6.26,19.37,9.28,6.0,55.28,38.1,6.99,90.91,1.8,dry,ACS
25.6,SS,7.16,4.6,22.92,8.64,3.0,64.58,37.81,3.14,93.65,1.37,dry,ACS
19.7,SS,7.54,3.59,8.64,7.19,1.0,18.85,37.3,4.4,95.21,4.01,rainy,Other
25.8,SS,7.18,8.7,12.11,7.29,1.0,84.35,37.65,2.46,96.92,4.3,dry,Infection
37.2,SS,8.87,1.82,10.03,,0.0,0.0,37.19,6.3,97.84,26.79,rainy,AVN
22.1,SC,7.43,8.96,19.99,14.91,2.0,44.72,37.79,2.04,90.08,1.47,RAINY,ACS
12.0,SS,8.14,2.72,10.04,7.74,0.0,11.05,36.83,4.4,98.56,49.16,rainy,AVN
20.7,SS,8.08,3.88,10.03,6.36,3.0,0.78,37.31,0.61,95.23,1.39,dry,Dehydration
20.5,SS,7.73,4.24,13.15 x10^9/L,10.67,3.0,13.05,36.58,5.61,100.0,6.08,dry,Other
7.7,SS,7.29,6.54,11.56,11.33,2.0,22.63,38.03,6.98,90.85,2.13,rainy,ACS
22.6,HBSS,8.1,5.89,20.56,2.0,1.0,84.72,39.18,,98.11,2.61,dry,Infection
32.2,Hb-SS,8.7,,10.78,9.04,2.0,0.0,37.6,4.69,95.71,16.83,rainy,AVN
21.4,SS,9.57,5.13,9.69,2.0,1.0,,36.73,0.61,97.67,1.41,rainy,Dehydration
27.4,SC,9.42,2.01,9.22,8.1,3.0,11.1,37.57,0.98,96.2,1.72,dry,Dehydration
13.9,SS,9.31,5.33,27.29,9.96,4.0,84.47,38.64,5.47,88.36,3.16,dry,ACS
22.9,ss,8.01,10.48,6.94,6.93,2.0,,36.78,,98.4,2.31,dry,Dehydration
32.7,SS,7.21,5.11,21.65,8.16,3.0,61.74,39.33,1.56,91.17,1.38,dry,ACS
29.9,SS,7.84,7.26,10.98,5.07,3.0,11.75,37.48,2.5,97.42,1.91,rainy,Dehydration
34.6,SS,9.58,7.5,17.18,8.13,2.0,67.96,37.25,4.57,89.22,1.22,dry,ACS
33.9,SC,8.52,6.62,6.77,8.28,1.0,11.03,37.22,3.24,96.56,1.75,rainy,Dehydration
29.9,Hb-SC,9.5,2.52,15.69,,2.0,7.91,37.38,8.18,97.89,5.33,rainy,Other
36.3,SS,9.63,4.56,7.46,7.17,0.0,10.93,36.8,4.3,98.13,34.81,dry,AVN
23.5,S-beta thal,7.29,1.19,12.9,12.24,6.0,0.15,37.51,5.62,97.8,2.67,dry,VOC
24.3,Hb-SS,9.82,5.98,16.19,11.66,1.0,48.56,38.8,5.46,93.34,3.19,rainy,Infection
20.4,Hb SS,8.41,7.95,12.39,5.85,2.0,12.51,37.58,2.37,97.28,2.05,rainy,Dehydration
26.2,SC,8.27,6.57,13.29,4.52,3.0,20.35,36.29,,93.8,0.5,Dry,Other
33.0,SS,8.84,2.41,10.55,9.69,2.0,3.06,37.04,0.32,96.79,2.13,dry,Dehydration
20.7,SS,8.34,5.0,16.47,7.51,0.0,64.67,37.2,3.47,96.44,7.94,dry,Other
17.1,SS,7.32,9.03,12.26,7.38,2.0,17.19,37.9,7.07,95.38,1.62,rainy,VOC
24.0,SC,9.5,9.72,11.73,6.99,3.0,60.75,36.3,5.35,96.13,7.03,rainy,Other
58.0,SS,9.95,6.62,7.31,3.44,1.0,,37.15,4.4,96.8,38.56,Dry,AVN
28.4,SS,9.59,0.79,9.31,9.96,2.0,10.29,37.63,3.53,97.47,2.43,dry,Dehydration
34.5,Hb-SS,6.67,2.02,14.6,5.64,8.0,9.03,36.57,3.58,96.82,2.4,RAINY,VOC
37.9,SS,7.32,4.97,10.16,,1.0,2.97,37.24,6.07,95.71,18.08,dry,AVN
27.7,SS,8.74,,17.51,7.7,3.0,66.27,40.14,6.62,92.11,3.42,rainy,Infection
35.2,SS,8.36,1.83,17.32,8.64,4.0,12.4,37.2,4.31,95.21,3.76, dry,VOC
32.2,sc,7.36,2.72,19.69,11.44,1.0,76.43,37.51,9.04,100.0,0.5,dry,Infection
42.4,SS,10.07,4.88,6.66,11.46,1.0,3.8,37.29,1.1,96.38,42.54,dry,AVN
30.7,SS,9.18,0.0,7.15,3.65,2.0,16.63,37.66,5.35,97.07,5.57,rainy,Other
24.3,SC,6.24,5.71,23.83,,2.0,86.32,38.87,7.89,94.1,1.89,RAINY,Infection
24.3,SS,7.51,7.88,16.99,11.95,4.0,59.47,39.18,4.84,95.12,4.77,rainy,Infection
43.0,SC,7.54,2.11,11.97,6.56,1.0,4.25,36.75,3.94,97.48,50.15,dry,AVN
29.5,SBeta-thal,6.28,3.11,22.83,3.84,3.0,55.01,37.96,1.77,95.68,1.12,dry,ACS
24.5,SC,8.83,4.22,20.74,,4.0,28.92,39.44,2.94,94.5,4.57,dry,Infection
39.5,SBeta-thal,8.72,1.57,12.49,4.85,5.0,17.41,37.39,0.0,94.34,2.19,dry,VOC
47.1,SS,7.6,7.82,6.15,5.1,3.0,16.51,36.6,,86.17,5.15,dry,Other
12.3,SS,9.26,3.84,16.51,8.35,3.0,51.86,38.67,6.55,96.93,2.17,dry,Infection
32.1,SS,7.75,4.29,12.83,7.59,1.0,3.15,37.0,6.0,97.85,54.7,DRY,AVN
12.9,Hb SS,8.84,4.06,22.83,13.37,1.0,67.52,37.93,8.97,89.84,3.15,dry,ACS
26.4,SS,6.92,6.27,13.68,15.29,5.0,24.65,36.71,3.32,91.71,1.8, dry,VOC
,,,,,,,,,,,,,
19.4,SC,9.92,0.82,12.85,6.02,2.0,69.33,39.17,5.47,92.96,3.41,dry,Infection
34.1,HBSS,7.72,3.2,15.34,8.87,5.0,75.56,39.34,7.93,89.15,1.65,dry,ACS
32.7,SS,7.75,9.76,8.85,4.51,0.0,6.22,37.12,3.37,98.22,99.31,rainy,AVN
13.5,SS,5.4,5.76,18.59 x10^9/L,3.94,1.0,31.82,38.22,,91.14,4.91,rainy,Other
39.0,SBeta-thal,7.02,5.97,10.79,4.41,2.0,22.38,36.13,8.69,93.83,8.48,dry,Other
19.4,SC,8.83,6.3,18.4,6.99,6.0,44.92,38.72,3.05,95.58,0.69,dry,Infection
6.8,SBeta-thal,6.84,11.85,9.17,10.97,4.0,,36.94,1.86,97.16,1.15,dry,Dehydration
9.1,SS,5.25 g/dl,8.38,13.9,7.74,4.0,48.71,37.57,4.14,94.87,6.85,dry,Other
21.7,SC,7.35,6.06,14.6,8.74,5.0,34.99,38.52,6.28,89.82,2.33,dry,ACS
23.5,SS,7.69,12.06,7.8,10.25,6.0,21.72,37.57,7.18,96.72,2.06, rainy,VOC
2.0,Hb-SC,8.57,4.21,18.78,8.13,5.0,19.68,36.98,6.5,100.0,2.38,dry,VOC
29.7,SS,6.14 g/dl,6.23,23.18,12.41,3.0,44.87,39.08,3.64,87.61,4.05,dry,ACS
34.9,SS,5.61,7.41,23.09,8.52,2.0,65.87,37.24,5.25,90.36,2.87,dry,ACS
34.4,SC,9.28,5.5,10.0,7.63,1.0,41.58,38.59,3.63,91.8,4.83,rainy,Infection
25.9,SS,8.44,7.31,5.56,3.8,0.0,6.62,37.25,8.44,96.57,65.76,dry,AVN
32.8,SS,8.52,3.92,11.42,7.57,0.0,,36.94,6.61,94.03,97.59,rainy,AVN
17.9, SC ,7.92,0.0,15.28,8.15,4.0,10.0,38.51,4.63,88.37,2.54,dry,ACS
23.6,SS,7.83 g/dl,3.62,10.51,7.82,0.0,5.99,37.12,5.2,94.39,39.6,dry,AVN
32.7,SS,8.59,3.77,8.94,8.13,2.0,15.08,36.84,5.21,93.57,2.86, rainy,VOC
33.4,SC,10.75,4.06,11.18,11.21,1.0,6.95,37.14,8.08,98.82,7.0,rainy,AVN
34.7,SS,8.09,6.03,12.83,7.56,7.0,19.48,36.9,5.53,94.71,1.69, dry,VOC
13.3,SC,8.09,12.01,12.96,7.71,2.0,30.88,38.16,3.4,96.84,7.34,dry,Other
7.3,SS,6.6,6.04,14.88,3.11,2.0,72.96,38.16,7.46,93.17,2.19,rainy,Infection
25.0,SS,5.34,12.76,17.96,13.55,0.0,75.57,37.49,4.82,85.18,4.6,rainy,ACS
31.2,SS,8.49,8.55,15.18,10.96,3.0,0.0,37.14,4.83,97.12,0.5,dry,VOC
34.8,SC,8.59,5.27,16.97,,6.0,19.09,36.44,3.37,98.15,2.43,dry,VOC
15.4,SC,9.44,7.35,7.56,5.62,1.0,12.88,37.13,2.17,94.92,0.89,dry,Dehydration
39.1,Hb SS,8.87,4.55,14.64,11.74,2.0,23.91,36.66,4.97,96.52,2.58,rainy,VOC
16.9,SS,9.2,8.65,14.8,11.31,9.0,2.31,36.78,8.18,94.75,1.71,dry,VOC
14.0,SS,9.1,4.76,8.75,10.11,5.0,3.77,37.13,3.96,95.03,3.04,rainy,VOC
28.7,SS,7.49 g/dl,4.77,12.24,8.06,3.0,18.02,36.55,6.89,98.49,3.15,Rainy,VOC
33.5,sc,7.43,4.55,26.73,8.24,1.0,59.92,38.42,7.2,98.39,1.45,dry,Infection
35.1,SS,8.3,3.01,12.62,6.01,2.0,7.56,37.01,8.24,94.73,9.94,Rainy,Other
25.7,SS,7.24,2.62,10.02 x10^9/L,9.2,5.0,44.95,38.6,5.41,87.57,0.99,rainy,ACS
13.2,SS,6.84,6.75,13.2,7.84,3.0,9.52,37.62,4.35,98.54,1.36,dry,VOC
17.9,SC,7.96 g/dl,5.57,13.97,11.16,2.0,59.46,39.03,3.08,94.64,2.91,dry,Infection
30.5,SS,6.85,6.66,18.61,9.74,2.0,59.65,37.81,4.49,94.07,3.89,dry,Infection
17.3,SS,7.38,4.42,9.63,12.16,5.0,13.18,37.1,3.78,96.74,3.0,rainy,VOC
48.7,SS,8.51,3.79,7.32,8.89,2.0,22.25,36.84,3.53,96.27,11.44,rainy,Other
24.7,SC,11.0,3.95,7.1,8.08,2.0,,36.28,1.99,93.75,4.53,dry,Other
25.7,SS,7.71,6.76,9.94,8.89,3.0,7.87,37.02,5.45,95.47,65.97,dry,AVN
23.9,SS,5.88,8.31,19.58,13.65,2.0,42.43,38.03,3.85,89.61,2.3,dry,ACS
31.9,SS,7.46,4.05,9.4,6.32,2.0,1.48,37.12,8.44,96.4,66.26,rainy,AVN
12.4,SS,7.81,3.98,19.99,5.14,2.0,47.15,38.98,5.82,96.86,3.16,dry,Infection
8.9,SS,7.53 g/dl,2.03,18.83,9.78,3.0,12.73,37.24,1.57,99.19,2.22,dry,VOC
35.3,SS,8.13,6.55,15.89,8.79,2.0,28.3,38.85,1.48,87.88,0.86,rainy,ACS
21.7,HBSS,8.51,6.32,14.29,6.05,1.0,24.33,36.59,6.95,95.05,0.6,dry,Other
13.8,SS,7.63,9.5,9.13,10.66,4.0,20.84,37.33,8.14,92.0,2.85,dry season,Other
18.5,SS,8.13,4.22,10.0,8.81,1.0,40.38,37.89,,93.15,1.55,rainy,ACS
31.6,SC,7.51,6.6,11.27,3.91,2.0,75.98,38.05,6.53,94.72,1.59,dry season,Infection
24.6, SS ,7.23,5.39,18.59,10.64,5.0,68.04,38.08,5.34,80.82,0.5,dry,ACS
24.7,SS,8.64,10.06,7.12,10.98,1.0,9.38,37.28,6.67,95.85,57.55,rainy,AVN
27.1,SS,8.6,3.66,14.28,10.15,1.0,13.69,37.19,3.8,97.05,68.96,rainy,AVN
18.6,SC,9.78,7.09,14.53,7.38,6.0,12.95,37.57,1.85,99.33,2.39,dry,Dehydration
17.2,SS,9.01,12.86,8.48,9.79,4.0,14.39,37.13,,95.99,0.5, dry,VOC
33.9,SS,6.56,2.17,11.27,12.72,3.0,8.32,37.67,1.78,96.31,1.23,rainy,Dehydration
23.5,SS,9.55,9.15,7.99,7.53,3.0,17.59,36.98,0.0,96.47,0.5,dry,Dehydration
37.4,SS,9.03,10.25,14.5,8.66,2.0,13.47,37.44,0.0,98.31,2.43,rainy,Dehydration
47.5,SC,9.64,5.92,12.91,4.85,0.0,4.16,37.6,9.1,94.37,81.68,dry,AVN
26.3,SS,7.38,6.08,19.78,7.61,6.0,20.07,37.33,4.59,95.74,6.03,rainy,Other
9.1,SC,8.04,2.61,10.8,2.68,2.0,34.96,37.58,5.58,95.26,1.34,rainy,Other
24.7,SS,7.04,,26.11,10.42,4.0,,38.55,2.61,90.7,0.5,dry,ACS
34.5,SS,8.81,8.01,16.19,10.73,4.0,56.0,37.96,5.95,95.11,2.19,dry,Infection
12.2,SS,8.84,2.36,18.22,6.88,2.0,11.43,37.26,1.92,95.31,9.56,dry,Other
20.9,SS,9.1,2.18,9.89,9.17,1.0,8.17,36.58,3.99,96.35,64.67,dry,AVN
29.0,SS,9.0,7.18,10.26,7.08,1.0,2.81,37.01,4.19,96.41,77.19,rainy,AVN
25.0,Hb-SS,7.15,4.87,7.19,5.84,0.0,0.0,36.62,4.59,96.92,32.65,rainy,AVN
25.3,SBeta-thal,8.07,2.98,27.38,10.65,5.0,50.27,38.72,7.16,92.15,3.6,dry,Infection
46.0,SS,7.6,4.16,7.46,8.3,3.0,16.81,37.41,5.28,96.33,1.04,dry,VOC
29.3,SC,5.23,1.84,17.96,6.97,1.0,28.19,37.52,4.67,98.41,2.19,dry,Other
13.1,SBeta-thal,7.03,8.73,10.04,9.41,2.0,9.51,37.21,3.08,95.93,2.12,dry,Dehydration
25.6,SS,9.11,5.41,20.22,6.25,5.0,23.59,37.96,5.01,91.39,2.39,dry,Infection
-5.0,SS,8.95,5.8,8.25,4.45,1.0,3.88,37.48,4.63,97.93,0.5,dry,Dehydration
13.3,SS,6.9,6.97,9.55,10.78,4.0,13.31,37.2,0.71,95.91,4.4,dry,VOC
30.1,SS,7.89,3.02,16.74,9.78,5.0,71.81,38.0,6.87,93.37,3.7,rainy,Infection
41.4,SS,7.44,9.91,10.78,11.52,5.0,11.04,37.22,3.45,97.24,2.53,dry,VOC
23.0,SS,9.7,2.79,24.55,12.36,3.0,34.3,38.0,3.86,87.87,1.69,rainy,ACS
38.2,Hb-SC,7.49,5.66,20.04,7.37,1.0,61.78,38.39,4.68,91.66,3.12,rainy,Infection
20.7,SBeta-thal,10.25,2.37,13.07,13.68,2.0,44.96,37.21,4.28,96.92,4.55,rainy,Other
5.2,SS,10.12,8.07,11.16,11.24,0.0,7.82,37.29,1.3,96.57,0.5,dry,Dehydration
21.6,SS,9.19,12.29,10.95,7.13,3.0,56.56,38.93,8.67,99.87,2.91,dry,Infection
8.0,SS,8.15,7.1,14.25,,3.0,3.99,36.87,5.16,97.23,1.83, dry,VOC
14.3,SS,9.06,10.29,15.41,8.16,2.0,9.69,37.2,1.48,98.15,1.74,dry,Dehydration
24.4,SC,7.31,4.86,15.63,6.76,8.0,74.58,37.62,5.8,92.52,2.31,rainy,ACS
12.6,SBeta-thal,7.2,5.71,14.06,9.36,2.0,42.5,36.0,5.14,96.29,12.49,dry,Other
26.5,SS,9.5,4.25,10.52,11.28,0.0,7.91,36.77,5.84,95.49,67.17,dry,AVN
5.5,Hb SS,7.27,3.78,11.71 x10^9/L,3.36,3.0,7.3,37.16,1.29,95.22,2.02,dry,Dehydration
29.6,SS,6.51,11.29,15.89,3.25,1.0,31.86,36.78,7.16,95.05,6.55,rainy,Other
21.8,SS,7.99,8.1,9.89,8.97,6.0,24.02,36.09,1.81,94.15,3.75,dry,VOC
20.7,SS,6.08,7.01,16.05,10.93,3.0,56.49,37.86,6.53,83.17,1.17,rainy,ACS
51.2,SC,7.73,3.96,16.96,3.77,1.0,61.25,38.27,4.73,88.85,3.39,dry,ACS
43.5,SS,7.1,9.75,10.97,,0.0,7.86,36.94,8.07,99.09,48.89,dry,AVN
34.9,SS,8.65 g/dl,10.71,12.98,7.79,4.0,8.96,36.85,1.99,97.21,1.68,dry,Dehydration
8.3,SS,7.17,4.53,24.07,8.6,2.0,63.77,38.88,3.66,93.23,1.08,dry,ACS
46.2,SC,9.29,4.21,16.96,8.03,1.0,,38.12,5.5,96.77,1.76,rainy,Infection
24.8,SC,7.93 g/dl,7.98,24.32 x10^9/L,7.67,4.0,59.28,38.6,3.96,95.9,3.22,dry,Infection
28.9,SS,7.26,8.89,15.97,8.57,1.0,32.37,36.34,3.88,94.78,5.78,rainy,Other
44.4,SS,7.69,3.74,9.9,5.89,3.0,17.67,37.02,3.12,97.8,2.89,dry,VOC
37.7,SBeta-thal,7.37,14.31,22.85,,2.0,,38.59,3.84,89.33,1.69,dry season,ACS
18.8,SC,8.47,3.68,21.81,9.63,1.0,21.01,38.6,10.0,98.17,2.17,rainy,Infection
33.4,SBeta-thal,11.0,9.65,10.78,5.68,3.0,13.96,36.74,0.04,96.8,0.66,rainy,Dehydration
30.6,SS,9.99,5.02,10.37,4.79,3.0,49.41,37.47,2.83,91.79,7.14,rainy season,Other
30.9,Sbeta thal,10.13,8.15,11.82,,2.0,3.92,36.79,8.01,98.03,71.45,dry,AVN
17.3, SS ,8.24 g/dl,9.85,11.91 x10^9/L,7.82,2.0,10.44,37.12,2.65,97.16,7.0,rainy,AVN
31.5,SS,7.93,10.8,12.47,,2.0,7.18,37.35,2.41,96.91,2.7, dry,Dehydration
32.6,SS,6.53,,22.15,7.55,1.0,62.28,38.55,2.71,99.71,4.51,rainy,Infection
30.2,SS,9.81,4.36,7.78,3.89,2.0,7.76,36.97,8.6,95.05,41.57, rainy,AVN
32.8,SC,7.08,6.29,15.83 x10^9/L,10.85,2.0,8.14,36.3,4.39,98.59,0.66, dry,Other
37.0,Hb SS,9.65,4.51,7.8,2.0,1.0,13.18,36.94,3.53,150.0,41.83,rainy,AVN
9.2,SS,9.05,6.52,13.11,8.57,3.0,28.22,38.66,5.56,88.18,2.63,rainy,ACS
21.8,SS,7.87,4.94,16.18,4.13,4.0,37.03,39.47,3.94,96.41,4.46,dry,Infection
26.2,SC,6.26,6.4,14.19,6.55,2.0,66.08,37.73,5.94,94.85,4.84,rainy,Infection
32.9,SS,9.08,6.4,12.78,5.71,0.0,9.5,36.77,2.57,95.13,1.07,dry,Dehydration
22.1,SC,8.18,10.03,17.92,10.71,1.0,19.27,39.27,4.68,96.79,1.54,dry,Infection
24.7,SS,7.85,0.0,15.32,8.39,2.0,3.95,36.58,3.49,92.21,1.81,dry season,Other
27.0,SS,8.95,6.89,19.34,,5.0,37.69,37.02,0.4,85.69,2.52,rainy,ACS
22.2,SBeta-thal,7.47 g/dl,3.07,8.17,8.77,0.0,3.52,37.15,1.05,97.44,4.18,DRY,Dehydration
6.9,SS,9.0,4.86,17.1,8.41,1.0,54.27,39.2,3.61,94.06,0.93,rainy,Infection
38.6, SC ,9.55,4.25,11.13,8.3,1.0,5.08,37.46,0.41,97.86,1.81,dry,Dehydration
17.7,SS,8.68,7.66,18.97,3.66,2.0,51.68,39.23,7.82,85.78,0.68,dry,ACS
14.5,SS,8.7,,10.71,6.85,9.0,16.2,37.16,4.71,96.89,1.82,dry,VOC
27.7,SBeta-thal,8.59,8.32,8.48,7.0,2.0,23.27,37.39,4.33,93.78,2.32,dry,Other
10.6,SBeta-thal,8.13,3.89,14.07,12.26,3.0,54.16,38.16,4.46,96.0,2.87,dry,ACS
43.3,SS,6.7,7.53,16.88,9.94,3.0,54.55,38.74,4.54,90.26,2.36, rainy,ACS
31.9,SBeta-thal,9.2,8.55,8.5,5.18,2.0,5.57,36.67,3.93,99.29,66.9,rainy,AVN
17.0,SBeta-thal,11.0,5.73,16.3,8.4,3.0,21.86,37.83,1.88,94.02,8.12,rainy,Other
37.5,SS,6.77,2.95,27.41,6.58,6.0,57.26,37.9,2.66,89.75,0.69, rainy,ACS
51.2,SS,8.93,5.68,10.15,6.5,0.0,9.01,36.86,3.02,97.55,27.68,rainy,AVN
28.7,SC,7.15,8.78,16.56,8.39,2.0,10.0,37.55,1.94,91.76,0.5,rainy,ACS
36.1,SS,9.02,,9.95,3.21,0.0,,37.2,7.11,98.41,57.23,rainy,AVN
31.3,SS,6.22,7.18,10.6,6.5,1.0,0.0,37.8,2.55,93.38,0.92,rainy,Dehydration
31.1,SS,7.9,8.46,13.18,6.07,1.0,7.42,37.86,2.84,96.89,2.11,dry,Dehydration
19.3,SS,8.75,7.17,11.82,4.95,5.0,21.98,36.72,1.59,94.93,3.07,dry,VOC
20.8,SS,7.51,4.7,13.42,9.87,2.0,20.54,36.96,8.12,99.03,3.54,rainy,Other
19.2,SS,8.16,11.39,20.65,6.97,1.0,72.19,37.8,4.02,96.14,4.84,rainy,Infection
35.3,Hb-SS,8.76,1.77,11.87,5.32,4.0,30.03,37.71,5.92,93.97,0.97,dry,ACS
22.7,SC,8.67,3.45,9.43,6.26,2.0,,36.88,2.37,96.39,30.68,dry,AVN
38.7,SS,7.79,6.67,13.45,11.27,2.0,44.46,39.39,5.14,95.39,3.86,rainy,Infection
26.8,SC,9.39,2.44,12.75,11.14,2.0,15.0,38.49,4.14,97.3,4.49,dry season,Infection
26.7,SS,8.17,4.61,14.99,11.33,7.0,21.88,37.62,2.92,95.55,2.9,dry,VOC
26.3,SS,9.14,9.2,12.15,9.22,2.0,1.91,37.09,3.08,98.13,1.99,dry,Dehydration
13.7,SC,8.24,4.16,5.49,6.96,0.0,13.44,36.6,,98.45,57.99,RAINY,AVN
14.8,SC,6.83,,18.41,6.74,0.0,106.29,38.53,4.72,97.54,3.36,rainy,Infection
18.6,SS,8.78,8.26,15.53,5.15,2.0,15.07,36.95,7.82,99.85,0.5,rainy,VOC
19.0,SS,9.49,6.84,12.4,8.04,2.0,1.25,37.24,2.28,94.83,1.57,dry,Dehydration
16.4,SS,8.01,8.21,8.93,6.9,5.0,18.89,37.06,4.33,94.33,1.91,dry,VOC
36.2,SS,8.46,6.66,15.4,5.43,0.0,14.49,36.49,4.9,95.29,4.72,rainy,Other
25.3,SS,8.65,11.54,17.88,,2.0,15.79,38.83,5.23,85.66,3.29,dry,ACS
26.7, SS ,8.12,1.38,19.45,9.26,2.0,29.43,37.19,5.01,92.47,3.74,rainy,Other
29.6,SS,8.3,6.65,7.71,6.03,3.0,10.54,37.21,0.54,99.16,2.27,rainy,Dehydration
44.6,SS,8.39,,6.27,10.89,0.0,3.23,37.51,7.94,94.97,26.16,rainy,AVN
30.9,SC,8.81,9.77,13.85,6.37,2.0,15.31,37.01,1.28,96.07,0.97,rainy,Dehydration
36.4,HBSS,6.8,,17.73,12.77,1.0,53.3,38.67,8.25,96.09,3.26,dry,Infection
27.8,SBeta-thal,10.05,11.04,9.01,11.88,3.0,2.58,37.46,0.61,99.7,2.05,rainy,Dehydration
19.1,SC,6.26,6.39,21.93,13.48,1.0,37.01,38.09,6.93,84.2,1.6,rainy,ACS
21.6,SS,8.5,5.3,12.4 x10^9/L,8.08,3.0,21.81,38.19,2.92,93.4,1.44,dry season,ACS
17.3,SS,8.48,5.73,25.01,9.04,4.0,42.44,39.64,7.92,90.54,0.54,rainy,ACS
34.1,SS,7.38,2.85,11.66,11.12,1.0,7.06,37.29,4.43,98.85,1.76,Dry,Dehydration
8.3,SC,8.61,3.23,10.19,7.81,1.0,12.26,37.3,0.0,99.02,1.52,dry,Dehydration
33.8,SS,8.67,11.75,7.01,12.8,5.0,17.91,37.23,3.76,92.28,2.83,rainy,VOC
28.7,SS,7.65,7.43,10.76,6.46,1.0,0.79,36.54,5.35,96.61,72.44,dry,AVN
26.6,SS,7.51,6.25,21.3,11.09,4.0,,37.32,2.75,95.65,1.17, dry,VOC
20.4,SS,8.36,6.72,15.77,7.64,1.0,33.92,38.05,3.59,97.64,2.4,rainy,Infection
40.4,SS,8.02,5.12,12.6,9.57,4.0,21.04,36.88,0.0,91.74,0.78,DRY,VOC
24.5,SS,7.87,,17.72,5.43,4.0,44.54,38.88,2.93,86.44,2.41,RAINY,ACS
30.5,SS,8.64,6.67,10.54,6.22,0.0,4.24,36.81,4.99,98.04,55.1,dry,AVN
26.6,SS,8.34,0.0,13.98,9.09,2.0,14.77,36.98,5.6,94.92,0.86,dry,VOC
6.3,SS,8.83,5.33,10.35,4.87,3.0,12.83,37.2,0.0,95.87,1.4,dry,Dehydration
46.2,SC,7.82,5.62,6.69,10.19,0.0,0.24,36.81,7.88,98.43,48.05,dry,AVN
13.9,SC,10.14,3.92,10.0,10.58,4.0,15.0,38.62,6.62,94.66,2.73,RAINY,Infection
21.6,SC,9.12,6.75,22.14,11.34,4.0,61.2,39.02,6.02,94.75,2.61,dry,Infection
22.7,SS,6.31,8.67,18.75,8.29,2.0,41.82,38.4,,89.62,3.19,rainy,ACS
24.2,SS,9.75,1.56,14.36,15.01,5.0,36.77,38.32,7.16,90.62,1.02,rainy,Infection
30.7,SS,8.08 g/dl,3.65,10.42,10.92,1.0,17.25,37.02,5.75,97.87,3.09,dry,VOC
25.8,SBeta-thal,6.95,8.9,9.42,9.8,4.0,2.32,37.25,2.44,94.32,1.45,dry,Dehydration
8.4,SS,8.97,6.88,8.23,8.69,2.0,,37.11,5.24,99.72,2.56,rainy,VOC
22.5,SS,8.84,4.78,16.39,6.34,5.0,33.59,38.29,6.81,89.25,3.51,dry,ACS
23.9,SC,10.05,3.87,17.76,4.76,2.0,13.58,36.93,4.64,93.26,5.17,dry,Other
17.7,SS,7.83,10.58,12.52,4.1,1.0,27.11,37.08,6.88,99.3,0.5,dry,Other
18.6,SS,6.3,7.0,14.73,7.29,3.0,17.56,38.43,10.0,93.56,4.02,dry,Other
32.2,SS,7.78,7.69,13.51,7.05,2.0,0.0,37.51,7.14,96.06,2.67,dry,VOC
36.5,SS,5.5,7.32,11.53,7.43,3.0,15.49,37.61,2.65,97.74,2.66,dry,Dehydration
22.8,SC,6.85,5.62,12.31,,0.0,71.9,38.33,5.16,93.92,0.9,dry,Infection
2.0,SS,9.46,7.52,12.82,10.19,0.0,36.05,37.3,5.18,97.68,3.41, rainy,Other
26.8,SS,7.08,5.27,7.05,8.34,1.0,14.66,36.91,4.71,97.88,7.0,dry,AVN
21.0,SS,8.91,2.88,14.48,7.58,3.0,12.74,37.61,5.55,91.62,0.5,rainy season,Other
26.8,SS,10.09,4.67,6.27,6.01,0.0,,37.6,4.87,97.26,42.68,rainy,AVN
39.9,SS,7.35,11.52,9.34,7.32,0.0,10.57,36.96,4.79,96.14,38.29,rainy,AVN
13.0, SS ,8.14,11.29,8.35,8.16,2.0,6.94,37.3,2.4,96.26,2.38,dry,Dehydration
29.4,SS,7.08,7.1,8.25,7.25,0.0,7.31,37.24,1.78,96.26,72.58,rainy,AVN
31.5,ss,6.62,8.75,14.8,4.97,1.0,6.7,37.42,0.45,95.34,1.2,dry,Dehydration
29.3,SBeta-thal,8.41,,13.51,9.54,1.0,17.79,37.08,1.81,96.68,1.13,Dry,Dehydration
31.3,SS,6.83,10.99,27.14,8.58,3.0,46.89,37.74,3.76,91.37,1.55,dry,ACS
28.3,SS,6.54,2.78,13.1 x10^9/L,8.98,2.0,16.83,37.34,8.81,97.63,0.5,dry,Other
25.4,SS,8.88,6.97,17.77,7.02,0.0,69.55,37.9,6.42,100.0,5.23,rainy,Infection
22.4,Hb-SS,5.39,5.0,18.42,8.62,5.0,52.59,37.97,3.52,89.63,0.75,rainy,ACS
39.5,SS,7.65,3.05,8.25,7.52,0.0,14.53,37.11,1.95,96.84,0.86,dry,Dehydration
31.2,SBeta-thal,7.97,3.53,16.01,10.79,3.0,23.86,37.33,4.65,93.75,2.1,rainy,ACS
25.3,SS,5.0,4.43,21.11,6.52,4.0,29.22,38.16,6.57,86.0,2.46, rainy,ACS
15.1,SC,8.82,9.86,10.97 x10^9/L,6.68,1.0,13.42,37.73,3.51,97.56,1.01,rainy,Dehydration
11.9,Hb-SC,9.37,12.81,9.58,,3.0,6.81,37.51,2.75,96.97,0.5,dry,Dehydration
19.7,SS,9.33,5.16,23.49,12.46,2.0,75.89,38.39,3.94,93.53,2.38,dry,Infection
17.7,SS,8.98,3.24,7.94,,2.0,2.42,36.8,0.0,95.35,0.58,dry,Dehydration
49.6,SS,8.19,0.2,10.39,12.86,1.0,31.08,37.43,6.83,94.11,0.97,rainy,Other
2.8,HBSS,7.86,6.69,30.1,10.29,2.0,43.45,38.24,3.87,90.55,1.83,rainy,ACS
20.5,SBeta-thal,6.38,0.89,15.09,10.58,3.0,,37.71,8.01,88.47,0.67,DRY,ACS
11.9,SS,7.76,3.04,11.09,2.36,4.0,6.81,37.06,1.9,98.96,3.97,rainy,Dehydration
2.7,SC,6.62,7.0,11.71,,2.0,29.26,36.34,4.96,100.0,14.45,dry,Other
33.2,SC,9.8,10.19,8.44,9.47,2.0,0.0,36.71,3.3,94.33,66.98,rainy,AVN
38.9,SS,9.25 g/dl,3.86,10.67,,0.0,1.64,37.2,6.59,97.36,35.21,rainy,AVN
33.5,SS,10.46 g/dl,6.56,10.69,5.66,1.0,6.44,37.86,0.99,97.35,51.79,dry,AVN
44.1,SS,8.76,10.08,12.35,6.58,1.0,7.8,37.37,0.0,96.67,1.53,rainy,Dehydration
29.8,SS,7.22,8.97,22.67,8.47,1.0,58.89,37.91,4.85,91.48,3.91,rainy,Infection
20.1,SS,7.73,5.65,15.49,4.02,3.0,21.0,36.89,4.86,98.18,3.59,dry,VOC
2.0,SS,6.67,8.7,15.94,11.09,5.0,10.27,37.88,9.66,82.63,2.24,dry,ACS
19.7,SS,8.77,8.18,19.1,10.49,2.0,,39.14,2.25,100.0,2.14,dry,Infection
26.5,SS,7.68,2.83,13.97,8.18,3.0,11.89,37.0,3.09,97.8,2.98,dry,VOC
8.3,SS,9.0 g/dl,0.07,17.65,,0.0,18.12,36.54,3.57,96.09,2.39,dry,Other
51.7,SS,8.07,9.92,12.68,7.51,0.0,6.12,36.85,5.54,95.41,63.91,rainy,AVN
24.4,SS,7.79,3.99,11.9,8.86,1.0,5.97,36.7,4.97,95.1,74.08,RAINY,AVN
20.8,ss,6.6,2.27,11.54,11.04,3.0,8.41,37.04,2.87,94.59,2.39,dry,Dehydration
52.3,SS,7.71,8.91,25.26,10.82,2.0,73.03,37.62,,94.99,3.67,dry,Infection
25.7,SC,9.85,6.33,6.67,6.28,2.0,8.54,37.15,6.11,97.13,7.0,dry,AVN
16.4, SS ,9.99,5.3,12.18,9.98,1.0,4.86,36.36,2.08,95.94,0.5,dry,Dehydration
37.1,SS,8.04,3.31,20.11,13.64,3.0,66.08,37.73,4.59,91.41,2.21,dry,ACS
16.8,ss,6.5,6.35,10.2,7.89,7.0,19.62,36.66,4.77,95.06,2.03,rainy,VOC
30.9,SS,7.83,4.39,8.54,4.0,4.0,10.62,38.05,1.88,97.09,1.49, dry,Dehydration
35.5, SS ,8.19,,13.99,4.09,5.0,0.0,37.37,1.55,94.54,1.58,rainy,Dehydration
35.0,SS,7.33,6.47,20.0,12.11,1.0,69.39,37.91,3.77,92.29,1.0,rainy,Infection
42.9, SS ,7.88,3.97,9.76,9.69,2.0,10.35,37.17,6.59,98.14,31.13,rainy,AVN
38.1,SBeta-thal,7.51,10.87,10.08,6.18,2.0,6.83,37.59,1.53,95.1,0.5,rainy,Dehydration
15.6,SBeta-thal,8.39,6.27,17.06,,2.0,44.42,38.27,3.75,85.88,1.61,dry,ACS
17.1,SS,7.02,,12.44,12.36,7.0,54.7,39.67,4.35,84.25,1.88,rainy,ACS
47.1,SS,6.92,4.89,9.4,5.64,0.0,7.03,37.58,7.48,99.05,15.02,dry,AVN
18.2,SS,6.72,,10.38,10.2,1.0,8.14,37.82,0.1,98.1,1.3,dry,Dehydration
26.4,SC,7.53,1.61,10.26,6.39,0.0,8.66,36.94,3.86,96.6,65.52,rainy,AVN
21.7,SS,9.91,11.99,22.75,8.06,2.0,63.68,38.87,5.59,94.18,2.76,dry,Infection
14.8,SS,8.14,8.07,11.72,9.4,4.0,11.95,36.52,5.38,95.06,2.01,dry,VOC
35.9,SS,8.73,6.14,18.5,12.31,1.0,59.29,38.18,5.19,95.77,4.28,dry,Infection
6.9,SC,6.56,7.26,14.17,9.69,5.0,18.43,37.43,3.88,97.56,2.06,DRY,VOC
35.7,SS,7.97,8.13,11.86,5.78,2.0,10.43,37.3,1.37,96.16,0.5,DRY,Dehydration
27.2,SS,8.36,6.69,13.1,8.93,1.0,7.11,36.98,8.72,94.54,8.73,dry,Other
22.6,SC,8.87,4.3,20.18,7.45,0.0,39.5,39.12,3.36,100.0,6.36,rainy,Infection
36.7,SC,7.01,8.9,12.74,9.85,11.0,24.9,37.11,1.06,98.08,1.35,rainy,VOC
33.7,S-beta thal,6.05,6.76,15.78,7.42,8.0,62.83,37.18,4.06,83.4,0.94,dry,ACS
14.1,SC,9.18,8.67,8.93,6.77,0.0,4.46,37.07,4.09,96.65,22.39,rainy,AVN
5.8,Hb SS,7.59,0.0,23.44,9.36,1.0,10.0,37.8,3.96,91.98,4.24,dry,ACS
30.6,SS,9.12,5.2,13.39,,1.0,6.98,36.43,6.58,97.37,7.0,dry,AVN
35.7,SC,9.32,6.88,11.48,8.07,3.0,12.0,36.72,5.45,96.04,79.48,dry,AVN
28.6,SS,6.11,7.13,7.44,6.64,1.0,5.27,36.87,4.58,99.56,1.41,dry,VOC
31.3,Hb-SS,8.47,8.05,9.95,10.9,5.0,38.88,36.0,5.23,93.1,4.33,rainy,Other
43.8,SS,9.35,6.36,16.32,7.89,1.0,33.35,38.36,7.17,95.64,0.78,RAINY,Infection
39.2,SS,6.84,8.99,17.23,,3.0,32.14,39.67,3.54,92.35,2.28,dry,ACS
26.2,Hb-SS,8.64,10.88,12.82,14.98,4.0,12.33,37.5,5.74,99.93,0.5,RAINY,VOC
14.8,SBeta-thal,8.97,3.01,14.48,8.73,6.0,20.85,36.73,2.62,94.86,1.26,rainy,VOC
26.8,SBeta-thal,8.83,,7.44,6.84,1.0,8.37,36.77,5.88,95.85,7.0,rainy,AVN
44.9,SS,8.57,8.51,6.95,5.22,1.0,8.59,36.23,5.84,97.91,58.68,rainy,AVN
17.1,SBeta-thal,9.45,8.31,11.83,8.73,4.0,20.3,36.33,3.63,98.46,2.48,rainy,VOC
36.0,SS,7.64,7.01,6.0,9.96,4.0,9.3,37.55,3.63,100.0,2.0,rainy,VOC
3.6,SS,9.76,4.72,12.78,7.57,4.0,10.49,37.25,4.71,98.74,2.32,dry,Dehydration
21.6,SS,8.49,,12.73,,3.0,28.57,36.46,5.89,92.21,2.26,dry,VOC
21.5,SBeta-thal,8.79,1.84,6.0,6.81,0.0,3.69,36.06,0.98,96.74,0.87,rainy,Dehydration
26.9, SS ,6.83,4.72,12.6,8.29,2.0,8.28,37.11,3.15,97.44,0.94,dry,Dehydration
18.9,SC,8.63,9.47,10.67,9.16,1.0,0.0,37.61,2.81,98.35,0.82,dry,Dehydration
44.4,SS,5.39,2.91,16.79,,3.0,58.44,38.91,2.98,84.96,1.14,rainy,ACS
29.3,HBSC,8.72,9.22,8.0,8.97,2.0,3.7,36.47,,96.49,4.48,rainy,Other
17.8,SC,9.17,10.02,10.2,9.19,3.0,7.11,36.97,,100.0,3.22,dry,Dehydration
19.9,SS,8.39,3.14,23.11,9.36,5.0,87.62,39.03,3.01,95.49,6.21,rainy,Infection
18.0,SS,8.25,4.57,10.19 x10^9/L,6.03,4.0,4.31,37.15,5.83,94.9,1.48,dry,VOC
32.3,SBeta-thal,8.53,9.72,12.76,7.89,3.0,66.4,39.22,5.16,94.66,3.63,rainy,Infection
31.7,SBeta-thal,7.24,1.82,13.1,4.13,0.0,5.69,37.45,8.42,92.87,4.5,dry,Other
18.7,Hb SS,7.91,4.0,18.52,7.69,4.0,33.45,38.1,6.4,81.01,1.64,dry,ACS
34.3,SS,10.7,5.76,8.0,6.9,0.0,5.87,37.33,6.58,97.45,61.23,rainy,AVN
26.1,SS,7.03,6.65,14.41,7.81,2.0,28.74,37.59,4.26,96.0,2.57,rainy,ACS
24.3,SS,7.33,6.94,16.47,10.52,7.0,2.35,37.59,5.16,97.69,1.31,rainy,VOC
19.9,SS,8.97,6.09,10.24,6.87,3.0,0.49,36.89,6.28,99.98,69.48,dry,AVN
43.5,SS,7.7 g/dl,3.78,19.97,14.3,2.0,26.54,37.82,2.49,89.76,3.22,dry,ACS
18.4,SS,8.04,5.06,16.15,7.31,6.0,10.02,37.82,4.09,93.45,2.08,rainy,VOC
33.8,SC,7.59,0.4,7.03,6.03,0.0,5.09,37.18,6.53,96.01,12.4,dry,AVN
32.7,ss,7.14,6.33,18.18,4.21,1.0,10.44,36.75,3.84,95.16,1.36,dry,VOC
35.0,SS,8.03,5.95,12.18,8.03,1.0,6.61,37.32,2.74,95.56,1.65,rainy,VOC
29.6,SS,8.41,10.15,16.19 x10^9/L,10.06,4.0,0.0,37.16,2.87,97.43,1.9,dry,Dehydration
20.0,SS,7.91,0.05,14.41 x10^9/L,7.61,2.0,20.95,38.3,5.17,94.12,2.25,Dry,ACS
21.0,SBeta-thal,7.75,,20.57,10.92,3.0,30.72,38.61,7.66,93.49,2.28,dry,Infection
19.4,SS,9.55,6.72,12.12,10.89,5.0,15.35,36.98,5.5,95.77,2.23,dry,VOC
39.2,SS,9.19,7.59,18.47,9.88,5.0,44.26,37.5,4.29,96.37,2.9,rainy,Infection
19.0,SS,8.21,11.38,15.89,9.17,3.0,16.15,36.66,,95.69,1.49,dry,Dehydration
31.9,SS,9.94 g/dl,2.02,14.15,11.69,2.0,68.96,38.27,1.68,93.31,2.22,dry,ACS
29.0,SBeta-thal,7.41,6.74,16.12,5.15,1.0,73.98,38.23,7.62,93.77,3.98,rainy,Infection
23.1,Hb-SC,6.18 g/dl,4.32,19.44,8.34,4.0,89.2,39.71,7.21,96.77,2.69,dry,Infection
20.6,Hb-SS,8.31,3.32,21.26,16.49,2.0,53.61,37.17,7.56,92.43,1.36,dry,ACS
17.4,Hb-SS,8.23,6.94,13.82,12.56,3.0,41.72,39.9,3.52,84.85,1.63,dry season,ACS
18.8,SC,9.05,5.79,13.13,10.9,3.0,24.72,37.65,5.9,96.57,2.9,dry,VOC
32.9,Hb SS,8.93,5.74,8.77,2.0,0.0,3.22,36.93,5.1,95.82,51.01,dry,AVN
29.4,SC,9.04,6.42,15.71,6.23,2.0,71.94,38.31,8.37,91.49,2.73,rainy,Infection
33.8,SC,6.11,0.87,11.87 x10^9/L,2.81,1.0,23.14,37.23,2.71,95.55,3.97,rainy,Other
27.9,SS,7.35,3.46,9.65,5.16,1.0,7.58,36.95,3.91,95.99,34.65,rainy,AVN
40.0,SBeta-thal,9.21,14.21,16.95,6.58,1.0,29.62,37.95,7.75,97.1,6.41,Rainy,Other
43.5,Hb-SS,6.86,11.07,14.23,7.41,0.0,5.85,36.94,4.4,96.93,58.9,dry,AVN
41.6,SS,6.54,4.94,13.86,10.47,1.0,56.45,38.31,,96.37,4.0,dry,Infection
16.1,SS,8.54,,14.93,9.52,4.0,8.57,37.44,1.63,95.5,0.72,dry,Dehydration
36.3,SC,8.27,3.43,15.81,11.72,3.0,29.97,38.67,,93.6,5.36,rainy,Infection
26.9,SS,9.23,4.86,17.34,10.44,4.0,59.99,38.05,5.95,93.86,1.32, rainy,ACS
39.9,SC,7.97,8.27,19.88,8.69,2.0,70.06,38.7,5.1,98.83,2.28,rainy,Infection
24.6,SS,8.38,10.48,15.96,11.88,4.0,34.22,38.21,2.85,89.12,2.27,dry,ACS
54.2,SS,9.84,5.85,6.8,4.53,1.0,0.68,37.0,5.74,97.57,34.01,dry,AVN
34.4,SS,10.61,4.24,19.59,6.9,2.0,44.38,39.44,6.57,94.92,3.81,dry,Infection
27.2,SC,6.53,5.58,19.34,9.69,4.0,83.54,38.04,5.17,96.56,1.77,dry,Infection
36.3,SS,6.33,1.97,5.0,4.16,1.0,20.03,36.79,6.25,92.99,5.04,rainy,Other
36.5, SS ,8.87,7.21,17.86,7.13,2.0,31.29,39.38,4.86,93.11,2.75,rainy,Infection
35.4,SC,8.05,,16.34,7.01,2.0,31.03,36.0,4.19,98.48,5.02,dry,Other
34.1,SBeta-thal,8.75,11.8,18.88,5.93,2.0,4.42,36.81,5.26,95.8,1.22,Dry,VOC
24.2,SS,8.36,4.87,13.12,7.67,0.0,11.19,36.81,7.42,98.35,67.25,dry,AVN
35.3, SC ,7.18,3.98,8.36,5.56,2.0,5.05,36.68,6.39,98.21,7.0,rainy,AVN
23.9,SS,9.34,8.21,8.39,7.22,1.0,9.91,36.37,0.0,93.88,5.51,dry,Other
13.2,SS,9.04,6.26,11.19,8.73,0.0,2.5,36.9,6.98,93.85,48.21,dry season,AVN
22.5,SC,8.36 g/dl,5.92,17.98,14.45,0.0,38.37,37.89,2.37,88.77,2.31,dry,ACS
24.5,SBeta-thal,7.58,6.49,15.6,6.61,1.0,46.22,38.79,2.23,93.17,2.58,rainy,Infection
20.3,sc,7.23,7.24,18.29,4.65,3.0,20.93,38.16,3.43,84.91,1.96,RAINY,ACS
50.0,Hb SS,7.54,8.31,15.46,7.66,4.0,22.97,36.76,1.18,92.17,0.5,rainy,VOC
37.9,SS,7.45,5.0,20.63,6.78,2.0,64.17,38.19,4.33,89.97,1.0,dry,ACS
33.0,SC,6.78,3.59,10.4,12.96,3.0,69.43,38.02,0.52,85.86,2.77,DRY,ACS
5.9,SS,6.91,1.66,18.17,9.68,4.0,19.25,36.92,3.88,93.19,0.5,dry,VOC
17.0,SS,8.73,6.51,8.83,8.53,3.0,18.02,37.76,6.03,95.15,2.98,dry,VOC
38.1,Hb-SS,8.74,3.89,6.28,,0.0,3.28,36.77,7.73,96.04,89.48,dry,AVN
6.3,SS,8.54,7.83,12.81,6.08,3.0,5.08,37.54,0.0,96.42,2.67,dry,Dehydration
14.9,SS,8.43,7.49,9.7,5.14,1.0,32.12,37.6,5.77,88.09,2.0,rainy,Other
5.7,SS,7.99,6.82,15.4,,2.0,75.06,38.95,6.3,96.84,0.5,dry,Infection
39.1,SBeta-thal,8.34,4.38,9.44,8.42,1.0,0.0,36.63,2.7,95.6,9.06,Dry,Other
30.9,SS,8.24,13.22,23.71,10.94,3.0,35.18,38.26,6.51,98.08,1.27,rainy,Infection
25.1,SS,8.56,6.01,9.48,8.22,1.0,8.04,37.51,6.99,99.61,28.2,rainy,AVN
35.8,SBeta-thal,8.84,4.89,8.6,11.44,3.0,8.03,37.36,,96.81,0.8,dry season,Dehydration
20.6,SS,8.14,,14.91,10.7,0.0,50.89,38.32,,91.36,2.25,dry,Infection
30.9,SS,7.54,7.46,12.28,9.91,4.0,13.23,37.4,3.26,93.03,2.17,dry,VOC
38.4,SC,7.65,7.6,8.42,4.53,0.0,17.17,36.53,7.1,93.28,0.5,dry,Other
15.8,SC,7.63 g/dl,5.4,10.7,11.19,0.0,0.0,37.86,2.54,96.8,1.06,rainy,Dehydration
16.5,SS,10.3,10.23,10.7,7.77,1.0,4.63,37.27,4.17,96.86,0.5,dry,Dehydration
40.0,SS,7.82,6.36,6.66,7.46,0.0,14.38,36.96,0.47,95.92,23.11,rainy,AVN
35.0,SC,9.49,6.3,16.82,8.14,0.0,10.87,37.17,0.0,96.64,1.24,dry,Dehydration
7.6,S/beta-thal,6.72,6.23,11.96 x10^9/L,5.57,1.0,17.79,37.61,1.79,98.11,2.85,rainy,Dehydration
30.1,SBeta-thal,9.3,8.76,19.5,11.18,0.0,49.19,38.42,7.57,98.93,0.82,dry,Infection
29.1,HBSS,10.32,9.16,5.0,2.0,2.0,13.42,38.01,6.66,98.41,0.5,rainy,Other
27.6,SBeta-thal,9.58,4.82,6.14,8.98,1.0,0.42,36.96,6.42,96.87,15.42,rainy,AVN
25.2,SS,9.14,8.5,18.78,6.89,3.0,58.64,38.87,4.23,97.55,4.14,rainy,Infection
2.0,SC,9.0,5.18,14.6,,3.0,0.0,37.53,4.29,93.4,2.41,rainy,Other
33.2,HBSC,9.59,0.0,14.13,6.05,4.0,,36.25,,96.16,9.43,dry,Other
18.0,SC,9.94,2.91,5.07,10.28,0.0,0.0,36.0,2.88,93.61,0.5,dry,Other
41.7,ss,7.63,3.27,8.21 x10^9/L,6.23,0.0,5.21,37.25,2.09,95.54,61.75,dry,AVN
10.0,SBeta-thal,6.79,7.88,15.97,8.02,4.0,64.09,38.89,1.12,100.0,3.79,dry,Infection
28.4,SS,8.59,5.47,15.06,10.74,3.0,55.71,38.48,4.47,98.96,1.27,rainy,Infection
11.0,SS,8.93,5.71,23.35,9.19,4.0,75.33,37.16,4.38,89.69,2.05,dry,ACS
36.3,Hb-SC,8.14,6.54,10.53,7.73,0.0,0.0,37.45,8.83,97.85,59.8,rainy,AVN
29.9, SS ,7.19,4.89,13.03,6.24,2.0,45.83,38.55,6.55,90.6,0.6,rainy,Infection
21.2,SS,8.11,12.7,9.72,5.48,0.0,6.75,36.98,5.12,97.48,1.96,dry,Dehydration
27.4,SS,7.55,10.31,9.8,8.29,0.0,7.55,36.67,5.61,96.03,23.06,dry,AVN
29.2,SBeta-thal,8.07,4.43,8.03,4.2,4.0,6.72,36.93,3.05,96.85,1.07,dry,Dehydration
9.4,SC,7.53,4.08,12.17,12.74,7.0,12.21,36.82,6.04,95.62,0.5,dry,VOC
18.0,HBSS,10.94,5.06,11.81,5.34,0.0,6.4,37.26,5.14,99.33,7.7,dry,AVN
32.3,SS,8.37,7.62,11.49,5.45,2.0,7.76,36.61,6.09,94.7,27.01,Rainy,AVN
21.6,SS,9.49,8.39,8.41,7.67,0.0,7.56,37.24,6.43,96.79,65.83,dry,AVN
22.1,SS,8.35,7.41,8.99,11.34,7.0,9.81,37.64,6.39,94.48,2.68,dry,VOC
43.7,SS,7.31 g/dl,0.9,7.42 x10^9/L,3.42,4.0,2.18,37.19,8.88,95.67,88.12,rainy,AVN
26.3,SS,6.67,10.12,15.41,2.0,3.0,47.83,36.97,4.51,93.98,2.55,rainy,Other
11.2,SC,6.27,10.13,19.93,7.71,5.0,73.0,37.0,6.81,87.68,1.93,rainy,ACS
39.3,HBSS,7.76,3.65,13.3,7.67,0.0,21.96,36.87,0.0,97.0,7.29,dry,Other
27.6,SS,7.99,2.26,8.38,8.25,1.0,3.17,36.94,5.24,96.67,37.82,dry,AVN
20.8,S-beta thal,6.59,2.91,20.39,9.3,5.0,44.01,38.48,3.22,91.25,0.82,dry,ACS
11.1, SS ,9.66,4.63,11.33,6.3,3.0,15.55,36.93,8.03,96.63,5.43,rainy,Other
29.1,Hb-SS,7.55,5.62,20.45,10.46,3.0,82.09,38.03,5.02,90.63,3.4,dry,ACS
18.1,Hb-SC,9.28,1.65,23.55,7.9,6.0,54.17,39.03,1.43,82.98,2.99,dry,ACS
2.0,SS,7.47,2.47,17.06,,4.0,52.27,38.12,8.75,92.54,0.5,dry,ACS
35.9,SS,9.61,3.45,15.17,11.89,3.0,52.24,39.15,4.45,85.76,1.74,rainy season,ACS
49.6,SS,6.97,6.08,8.76,9.23,4.0,7.27,37.18,1.34,95.86,0.71,dry season,Dehydration
25.8,SS,6.8 g/dl,2.88,11.67,11.34,5.0,12.77,37.18,3.87,96.45,3.91,dry,VOC
21.1,SS,8.48,5.29,16.34,8.67,4.0,37.2,39.75,4.82,96.0,1.58,dry,ACS
23.1,SS,8.29,2.39,13.87 x10^9/L,4.35,1.0,40.34,38.88,3.99,96.9,1.46,rainy,Infection
28.1,SS,7.42,7.41,12.45,2.0,1.0,1.55,37.05,7.35,94.48,2.0,Rainy,VOC
29.4,SS,9.89,6.0,6.29,9.89,2.0,6.84,37.36,3.2,96.45,0.5,rainy,VOC
16.5,SC,7.97,6.65,14.5,7.43,2.0,18.86,36.27,3.08,97.96,0.5,rainy,VOC
17.3,SS,8.91,8.25,11.71,6.46,2.0,43.41,36.4,3.99,98.08,7.11, rainy,Other
18.4,SS,6.75,7.65,9.39,8.96,1.0,6.07,36.96,3.01,95.43,1.23,dry,Dehydration
32.1,HBSS,7.49,2.93,13.42,6.24,1.0,10.29,36.41,5.96,100.0,95.78,RAINY,AVN
23.8,SC,9.72,5.46,8.26,3.14,0.0,9.21,37.26,8.77,97.34,78.81,dry,AVN
19.5,SS,7.34,9.26,11.62,8.46,1.0,5.66,37.22,3.4,99.12,0.5,dry,Dehydration
29.9,SS,7.29,7.01,22.91,10.6,3.0,41.14,38.22,7.01,94.89,1.43,dry season,Infection
36.9, SS ,9.86,8.97,12.62,4.99,0.0,9.72,37.41,8.3,97.73,7.0,rainy,AVN
18.0,SS,9.34,3.52,10.62,8.53,1.0,8.18,36.87,0.0,97.36,0.5,dry,Dehydration
39.1,SS,6.2,5.39,13.87,10.49,1.0,,38.1,5.95,98.45,6.82,dry,Other
28.0,ss,6.61,6.25,21.27 x10^9/L,13.12,2.0,23.48,37.67,3.11,78.85,1.32,dry,ACS
35.9,SC,9.02,0.26,5.66,10.71,3.0,2.64,36.76,3.9,96.15,2.34,dry,Other
27.4,SC,5.0,8.04,14.9,11.42,4.0,46.86,37.94,2.87,94.57,2.44,dry,ACS
11.6,SS,5.9,8.21,22.63,9.39,1.0,46.82,39.28,2.66,87.78,1.53,rainy,ACS
15.9, SS ,6.1,1.87,16.4,10.65,2.0,50.5,38.96,5.88,88.41,2.08,rainy,ACS
11.8,SS,7.67,8.75,9.02,9.08,3.0,23.02,37.22,6.91,95.69,1.16,dry,VOC
16.9,SS,8.19,7.32,19.32,11.79,2.0,29.62,37.91,5.35,90.7,2.21,rainy,ACS
23.1,SC,8.03,1.53,20.99,9.05,3.0,59.08,39.02,2.29,96.71,0.5,dry,Infection
25.5,SC,8.7,1.2,10.22,5.88,0.0,4.17,36.9,7.04,97.43,81.19,dry,AVN
21.4,SS,9.27,3.75,13.27,11.39,6.0,17.55,36.94,4.63,98.08,0.58,dry,VOC
16.9,SS,7.16,8.18,9.54,6.56,2.0,1.75,36.4,2.55,93.83,2.35,dry,Dehydration
38.2,SS,8.09,11.98,12.65,4.67,1.0,18.01,36.66,3.27,94.88,2.43,rainy,VOC
13.6,SBeta-thal,7.7,0.0,8.48,10.7,4.0,14.39,37.25,0.0,96.38,2.78,dry,Dehydration
41.9,SS,7.89 g/dl,7.06,15.3,9.3,5.0,15.02,37.14,5.71,95.25,2.91,dry,VOC
25.4,SS,7.81,4.63,12.13,6.62,2.0,9.29,37.75,7.12,95.5,5.31,rainy,Other
35.5,SS,8.63,,12.56,7.08,1.0,12.46,37.88,1.12,97.34,1.75,dry,Dehydration
9.0,SBeta-thal,8.62,7.36,30.0,8.81,0.0,51.08,38.02,4.79,93.99,2.12,Dry,Infection
35.4,SC,9.19,2.27,11.71,7.91,1.0,3.4,37.06,8.41,98.71,38.59,dry,AVN
44.1,SC,7.34,2.08,13.6,7.66,2.0,7.11,37.06,5.54,95.26,51.62,rainy,AVN
11.2,SS,7.55,5.13,14.93,5.48,3.0,21.73,36.45,3.15,92.18,1.7, dry,Other
20.5,SC,9.4,6.6,21.27,7.75,5.0,36.24,37.95,4.81,87.73,3.5,dry,ACS
24.7,SS,8.9,0.01,7.95,9.53,10.0,13.64,36.15,5.61,97.11,2.37,dry,VOC
17.4,SS,6.78,2.15,18.21,11.6,3.0,12.74,37.72,8.0,97.36,1.64,rainy,Other
9.2,SC,7.95,,9.08,8.57,1.0,13.66,37.23,1.82,98.04,0.83,rainy,Dehydration
35.8,SC,9.62,5.85,17.18,6.79,2.0,6.1,38.04,3.08,92.93,7.32,rainy,Other
24.7,SS,9.67,5.66,9.0,11.82,0.0,8.19,36.69,5.22,97.22,66.11,dry,AVN
3.6,SS,7.92,4.55,11.32,9.9,6.0,3.28,36.59,3.15,97.69,1.56,dry,VOC
24.1,SS,7.94,5.62,15.37 x10^9/L,8.16,2.0,51.68,38.6,2.37,96.15,2.32,rainy,Infection
27.0,SS,8.21,2.64,17.39,11.02,7.0,23.12,36.34,4.49,96.55,1.64,rainy,VOC
21.2,SS,10.06,1.53,21.19,14.63,2.0,18.42,38.8,4.01,88.79,1.68,rainy,ACS
5.1,SBeta-thal,7.35,6.44,13.12,12.21,1.0,86.85,38.59,6.22,93.12,0.94,rainy,Infection
42.9,SS,6.91,4.74,18.05,5.48,1.0,64.57,38.59,3.17,98.87,3.11,rainy,Infection
24.6,Sbeta thal,9.36,3.97,8.99,8.32,0.0,5.64,36.55,6.08,97.34,64.89,Rainy,AVN
14.1,SC,10.11,6.32,15.24,10.07,2.0,0.0,36.6,5.14,92.9,0.5,dry,Other
9.4,SS,11.0,10.43,14.35,6.15,0.0,3.92,36.78,1.29,98.99,2.34,rainy,Dehydration
19.3,SS,7.17,7.46,16.84,11.71,6.0,32.29,37.88,,81.31,3.02,rainy,ACS
25.6,SS,6.47,8.1,18.19,7.65,2.0,35.55,37.26,0.21,98.6,8.82,dry,Other
30.7,SBeta-thal,7.57,6.81,20.69,8.54,2.0,38.15,38.79,6.25,97.45,1.71,dry,Infection
42.3,SS,10.16,1.54,10.92,8.94,0.0,2.92,37.2,5.64,99.77,10.32,rainy,AVN
21.3,SS,6.47,4.45,15.05,7.46,6.0,17.47,36.65,2.41,95.12,1.78,dry,VOC
7.5,SBeta-thal,7.72,14.25,11.47,7.91,3.0,37.14,37.25,7.58,89.2,12.78,rainy,Other
28.0,SS,7.31,3.05,12.1,11.48,2.0,16.79,36.99,4.97,97.29,2.12,rainy,Other
13.6,SS,7.51,5.84,18.3,9.33,3.0,9.2,37.85,3.02,97.68,0.92,rainy,VOC
32.4,SS,9.45 g/dl,4.02,10.04,6.07,1.0,6.04,36.86,4.57,97.36,65.49,rainy,AVN
18.8,SC,8.54,7.76,18.64,9.31,2.0,70.83,39.29,6.25,92.59,1.78,dry,Infection
7.6,SS,9.55,2.48,10.0,7.82,4.0,47.64,38.35,7.57,98.25,4.43,rainy,Infection
16.7,SC,9.14,9.14,9.28,5.3,0.0,24.55,37.68,6.1,92.67,7.67,rainy,Other
15.1,SBeta-thal,6.67,2.71,12.52,9.42,1.0,19.58,36.37,5.38,98.58,0.5,dry,Other
12.7,SS,7.98,4.73,11.71,7.24,0.0,3.33,36.74,1.63,97.09,0.5,dry,Dehydration
15.7,SC,8.72,1.9,18.7,7.71,3.0,73.67,38.08,3.12,87.01,2.89,rainy,Infection
7.7,SC,6.83,2.41,9.45,10.12,1.0,4.04,36.75,3.36,98.2,2.85,rainy,Dehydration
31.9,SS,7.28,,15.79,8.47,2.0,40.67,39.09,1.3,93.6,2.74, dry,Infection
31.5,SS,7.7,4.73,16.1,10.76,2.0,54.15,37.77,2.18,85.11,1.43,rainy,ACS
27.5,SS,8.59,8.17,10.69,7.77,1.0,9.06,37.03,2.8,94.97,0.53,dry,VOC
28.6,SS,7.77,5.89,10.84,10.53,7.0,16.06,37.15,5.58,93.59,1.92,dry,VOC
9.0,SS,8.36,5.51,27.33,10.44,4.0,52.2,38.73,5.48,88.47,3.09,dry,ACS
18.8,SC,9.16,3.9,9.94,9.54,1.0,0.0,37.56,2.34,96.9,1.86,dry,Dehydration
41.4,SC,9.08,4.84,16.8,,2.0,54.05,39.66,2.98,96.3,6.11,dry,Infection
11.4,SC,10.18,6.97,9.51,7.18,0.0,,37.56,2.34,98.51,1.87,dry,Dehydration
26.5,SS,6.35,2.16,11.73,7.7,5.0,9.98,36.75,5.47,97.53,2.54,dry,VOC
37.9,SS,7.75,2.89,22.59,8.16,3.0,81.72,39.62,3.66,93.79,1.45,dry,Infection
26.5,SS,6.8,8.98,21.41,13.93,3.0,59.36,38.8,4.28,89.36,1.87,dry,ACS
11.9,Sbeta thal,7.73,0.74,20.96,5.32,3.0,5.46,36.91,5.12,98.97,6.33,dry,Other
27.6,SS,9.54,4.45,8.67,4.33,0.0,3.0,36.62,8.37,94.75,48.72,rainy,AVN
23.9,SS,8.95,5.5,13.34,,2.0,78.6,38.29,2.72,93.3,4.99,rainy,Infection
18.5,SS,7.27,7.37,11.93 x10^9/L,6.95,2.0,1.33,37.55,3.23,97.48,2.1, rainy,Dehydration
22.9,SS,8.57,11.75,13.74,6.25,1.0,11.19,37.02,4.26,97.38,0.71,dry,Dehydration
26.2,SS,7.04,6.04,13.54,5.54,3.0,56.03,37.91,6.27,97.83,2.88,dry,Infection
31.4,SBeta-thal,5.9,7.13,22.28,10.11,5.0,21.99,39.39,3.4,92.02,1.7,dry,ACS
33.2,SS,9.0,,12.95,7.35,3.0,11.6,36.79,6.32,96.6,56.3,dry season,AVN
31.6,SBeta-thal,9.05,6.18,24.08,5.11,2.0,27.35,38.97,5.49,93.8,2.42,dry,Infection
23.6,HBSS,9.17,6.59,22.79,9.91,2.0,55.23,38.37,3.07,88.22,0.5,rainy,ACS
18.0,SS,7.93,6.2,11.84,8.96,4.0,19.64,36.45,3.65,94.66,3.76,Dry,VOC
22.8,SS,9.41,8.98,18.83,9.9,2.0,73.08,38.18,,94.21,3.03, dry,Infection
7.7,SS,8.36,0.0,21.3,14.42,3.0,65.18,37.69,5.12,96.0,1.38,dry,ACS
32.0,SC,7.13,9.72,21.96,10.58,1.0,,38.47,,89.77,2.08,rainy,ACS
20.1,SS,7.53,5.13,20.76,14.63,3.0,66.33,37.95,3.42,82.58,2.96,dry,ACS
18.0,SS,9.02,10.29,10.08 x10^9/L,2.18,2.0,7.41,37.26,4.3,94.53,7.0,dry,AVN
13.3,SC,9.14,6.39,13.68,6.61,5.0,37.28,37.86,4.84,86.68,1.19,dry,ACS
25.4,SS,7.77,1.15,15.97,9.91,2.0,6.8,36.78,6.71,94.72,2.77,rainy,VOC
23.8,SS,7.38,1.64,9.27,9.22,2.0,6.13,37.59,2.61,96.28,0.5,dry,Dehydration
35.6,Hb SS,7.88,7.18,23.02,11.95,4.0,29.53,37.78,8.52,85.88,2.37,dry,ACS
14.2,SC,9.97,6.43,14.83,3.43,1.0,42.33,38.47,1.41,94.77,4.54,dry,Infection
24.2,SS,10.4,6.17,6.66,12.22,2.0,11.14,36.07,5.71,97.54,7.63,dry,Other
27.4,SS,7.46,2.1,13.02,5.99,4.0,7.43,37.79,0.06,94.65,0.87,dry,Dehydration
35.1,SS,10.03,0.82,21.67,7.75,2.0,68.52,39.67,7.31,93.52,1.49,rainy,Infection
9.1,SBeta-thal,8.4,9.6,10.94,5.92,1.0,4.32,36.84,0.0,94.84,0.54,dry,Dehydration
24.7,SS,8.93,7.18,14.38,9.8,8.0,4.91,36.91,4.68,96.46,2.56,dry,VOC
31.3,SS,8.42,4.95,10.58,10.38,7.0,17.3,37.06,0.0,94.19,1.94,dry,VOC
28.1,SC,10.28,,13.84,8.85,0.0,3.11,36.79,6.46,97.21,30.27,rainy season,AVN
16.7,SS,7.84,5.14,12.64,8.31,2.0,10.8,37.52,1.42,98.24,0.84,rainy season,Dehydration
20.6,Hb-SS,5.74,8.13,24.59,11.12,4.0,57.27,38.3,3.16,84.79,2.19,rainy,ACS
22.8,SS,7.51,6.6,11.88,10.21,3.0,7.53,36.64,4.36,95.1,0.63,Dry,VOC
26.6,SS,6.99,3.04,24.77,11.2,3.0,30.57,37.9,7.33,85.11,1.25,rainy,ACS
28.0,Sbeta thal,9.1,2.5,15.49,11.08,1.0,36.24,36.6,3.53,96.99,4.36,rainy,Other
27.2,SC,8.98,2.94,14.08,11.47,0.0,22.93,37.75,,94.68,7.08,rainy,Other
16.8,SS,6.54,3.19,13.95,17.21,3.0,62.27,37.06,2.74,86.44,2.22,rainy,ACS
21.2,Hb-SS,8.94 g/dl,4.3,13.54,8.96,4.0,67.12,38.13,3.4,95.04,3.84,rainy,Infection
14.8,SBeta-thal,8.49,3.73,5.09,7.72,1.0,19.33,37.55,4.96,93.21,3.05,dry,Other
10.5,SS,7.68,5.9,20.34,7.26,5.0,35.4,38.04,9.87,88.95,1.18,rainy,ACS
21.3,SS,8.49,1.41,5.0,12.98,2.0,39.97,36.91,6.42,94.0,0.5,dry,Other
19.5,SS,8.61 g/dl,10.74,13.61 x10^9/L,9.62,3.0,15.36,37.6,1.59,98.96,0.87,Rainy,Dehydration
19.3,SS,8.52,9.46,19.36,14.63,1.0,42.96,38.06,5.51,88.51,2.55,dry,ACS
45.7,SC,7.12,0.0,13.3,8.81,2.0,8.92,37.61,2.33,98.0,1.38,rainy,Dehydration
35.2,SBeta-thal,6.74,10.14,18.0 x10^9/L,3.79,1.0,25.28,37.29,4.87,89.44,3.5,rainy,Other
10.5,SS,8.22,4.83,14.24,6.03,3.0,12.54,37.36,2.57,96.34,0.5,Dry,Dehydration
21.1,SBeta-thal,8.57,12.81,10.33,8.01,1.0,0.0,36.98,2.98,94.59,2.1,dry,Dehydration
2.0,SS,6.9,6.54,22.28,,3.0,32.87,38.84,6.49,98.55,9.27,dry,Other
17.7,Sbeta thal,8.17 g/dl,5.0,14.14,9.47,1.0,12.11,37.32,,97.89,1.99,dry,Dehydration
44.2,SS,8.68,3.88,6.62,5.73,2.0,8.19,37.38,5.64,99.05,26.83,dry,AVN
44.4,SS,8.41,8.13,7.65,7.24,0.0,2.2,37.0,4.85,95.05,32.51,rainy,AVN
32.2,SS,8.12,2.97,7.95 x10^9/L,6.49,2.0,6.85,37.19,5.45,97.37,14.04,dry,AVN
35.5,SS,9.53,3.81,7.38,9.59,0.0,6.61,37.44,5.65,96.07,19.96,rainy,AVN
19.7,SS,8.04,5.17,11.19,9.34,3.0,9.88,37.74,0.67,100.0,0.99,dry,Dehydration
30.4,SC,8.02,4.84,17.59,5.48,4.0,76.66,38.96,4.75,92.64,3.12,rainy,Infection
21.1,SC,6.4,2.29,10.25,10.67,1.0,16.16,37.2,6.1,94.47,2.5,rainy,Other
23.3,SBeta-thal,8.24,5.61,17.39,6.97,2.0,34.59,101.23,6.82,95.46,2.2, dry,Infection
5.6,SS,10.05,7.66,6.32,8.82,3.0,5.31,37.3,1.32,96.66,0.5, dry,Dehydration
13.0,SC,8.43,9.36,23.01,9.66,4.0,30.81,37.08,2.2,78.0,1.69,dry,ACS
19.4,SBeta-thal,8.66,9.02,6.7,8.81,1.0,4.63,37.31,5.16,93.47,42.53,dry,AVN
52.6,SS,7.28,3.76,8.76,8.29,3.0,8.24,37.24,6.93,99.31,43.77, rainy,AVN
12.3,SS,7.97,5.05,11.77,9.62,1.0,46.33,38.58,5.45,99.22,0.5,rainy,Infection
28.0,SBeta-thal,7.68,2.83,14.43,4.22,2.0,12.86,37.3,0.42,97.64,1.57,rainy,Dehydration
17.6,SS,9.23,2.66,13.93,6.09,5.0,41.58,37.51,4.29,92.98,2.05,rainy,Infection
39.6,SS,10.06,6.96,6.0,10.68,3.0,20.08,36.93,0.48,97.4,0.5,dry,Dehydration
13.6,SS,8.44,,16.16,11.38,6.0,24.2,37.83,3.59,91.9,1.75,dry,ACS
32.0,SS,6.77,3.82,5.65,10.58,1.0,6.93,37.18,7.26,94.65,77.75,dry,AVN
28.0,SBeta-thal,8.58,6.83,9.01,6.3,0.0,10.2,36.57,4.73,94.23,19.26,DRY,AVN
27.9,ss,8.79,3.91,9.9,4.6,3.0,5.4,36.0,2.62,95.06,1.27,Rainy,VOC
30.0,SC,7.07,6.66,16.55,7.75,3.0,52.8,38.45,2.38,98.35,2.52,dry,Infection
17.8,SC,9.52,6.6,14.65,9.24,2.0,5.76,37.91,0.67,97.47,2.24,dry,Dehydration
15.7,SS,5.68,3.11,10.25,8.5,1.0,6.75,36.98,6.39,94.05,0.91,dry,VOC
17.6,SC,7.12,4.14,10.25,6.03,7.0,20.02,37.15,2.72,93.0,1.15,dry,VOC
9.7,SS,7.5,2.2,11.24,,2.0,8.06,37.81,2.56,97.27,0.97,dry,Dehydration
65.0,SS,9.44,7.57,8.88,9.49,1.0,1.63,37.69,1.93,97.15,1.48,rainy,Dehydration
15.7,SS,8.98,6.96,5.0,6.89,1.0,9.21,36.9,3.63,94.3,72.31,dry,AVN
12.0,SS,8.74 g/dl,6.82,18.43,10.24,2.0,,38.56,4.95,100.0,0.69,Rainy,Infection
40.0,SS,8.43 g/dl,8.48,9.95,6.32,2.0,9.4,37.3,3.07,94.72,31.58,DRY,AVN
24.0,SBeta-thal,7.22,14.16,9.21,2.0,1.0,21.66,37.15,6.21,94.7,4.09,rainy,Other
14.2,SS,6.69,9.19,17.34,7.76,2.0,67.27,37.8,6.4,95.22,2.03,dry,Infection
19.4,SS,8.1,10.41,18.12,4.91,1.0,32.41,37.66,6.64,96.71,2.45,dry,Infection
21.8,SS,6.22,10.16,17.48,6.78,3.0,44.27,38.3,6.92,90.64,1.97,RAINY,ACS
28.0,SC,7.64,5.82,22.65,5.24,5.0,44.98,38.38,,94.18,2.8,rainy,Infection
41.8,SS,8.27,3.27,14.26,8.66,3.0,3.34,36.72,4.41,97.09,2.67,dry,VOC
32.6,SS,9.59,7.6,10.86,9.82,2.0,0.0,36.8,8.87,96.74,94.59,rainy,AVN
26.6,SC,6.04,8.86,20.98,7.8,1.0,49.74,38.92,5.7,90.03,1.81,dry,ACS
6.6,SC,7.88,4.59,19.03,10.37,1.0,7.01,37.01,4.81,92.29,1.78,dry,VOC
51.0,SS,8.66,5.61,9.43,4.84,2.0,2.99,37.14,5.84,97.59,62.63,rainy,AVN
33.2,SC,6.93,7.78,10.29,10.5,4.0,14.53,37.47,1.01,98.21,3.74,dry,Dehydration
23.4,HBSS,9.37,7.59,14.73,10.11,3.0,0.0,36.75,10.0,96.83,7.45,rainy,Other
30.7,SBeta-thal,7.37,9.0,10.4,,4.0,41.04,36.58,,99.16,8.28,rainy,Other
8.6,SC,8.85,10.69,7.0,5.31,0.0,3.83,36.0,5.43,97.69,4.48,dry,Other
27.0,SC,9.79,8.66,10.96,10.28,10.0,6.6,37.17,3.92,99.52,0.92,dry,VOC
52.5,SS,8.53,8.58,7.58,4.35,0.0,9.99,37.74,1.32,97.29,1.66, dry,Dehydration
22.5,SS,7.3,3.68,11.68,12.31,7.0,0.0,37.08,5.87,95.44,4.18,dry,VOC
41.3,SS,8.86,5.01,12.82,6.37,7.0,21.62,36.88,4.62,94.61,3.19,dry,VOC
20.9,SBeta-thal,8.38,2.75,9.37,6.91,2.0,0.38,37.57,2.0,100.0,1.11,dry,Dehydration
44.5,SBeta-thal,8.92,0.0,20.67,3.32,2.0,71.78,37.5,4.85,93.72,5.37,rainy,Infection
16.9,SBeta-thal,7.92,2.75,11.56,8.53,1.0,8.6,36.65,5.35,97.51,49.08,rainy,AVN
37.5,SS,7.52,2.04,6.29 x10^9/L,8.39,3.0,17.58,36.87,2.52,97.33,2.02,dry,VOC
16.1,SS,7.19,0.0,7.51,11.84,1.0,30.21,36.01,4.94,91.38,8.56,DRY,Other
15.9,SBeta-thal,11.0,6.47,11.54,7.22,3.0,7.99,37.03,9.02,96.85,4.68,dry season,Other
25.2,Hb-SS,9.48,7.23,13.19,6.03,2.0,71.51,37.52,3.62,89.84,1.65,dry,Infection
39.2,SS,8.84,2.31,24.8,5.99,1.0,65.25,39.22,0.0,94.51,4.65,dry,Infection
35.4,Hb SS,6.39,,13.5,10.95,8.0,11.82,37.02,3.99,95.51,2.59,dry,VOC
17.9,SC,8.48,9.32,10.88,8.43,1.0,62.74,37.96,5.11,95.87,3.72,dry,Other
42.1,SC,8.39,5.57,12.0,9.81,0.0,6.96,36.59,1.85,98.32,78.55,dry,AVN
2.0,SBeta-thal,7.23,0.0,10.08,,2.0,,36.57,6.96,98.63,0.5,dry,Other
19.5,SS,8.44,10.78,26.47,7.95,3.0,27.04,37.26,4.59,78.0,1.9,dry,ACS
33.3,SS,7.95,3.92,12.51,7.06,3.0,0.0,37.09,3.71,94.82,0.5,rainy,Other
28.4,SS,8.27,4.99,12.98,6.37,0.0,14.18,36.96,1.17,96.18,0.5,dry,Dehydration
23.4,Hb SS,8.82,13.44,15.07,5.53,2.0,53.69,39.22,6.61,96.14,2.4,dry,Infection
24.6,SS,9.5,6.73,13.4,8.53,1.0,3.37,37.03,1.1,98.47,2.47,rainy,Dehydration
30.8,SS,8.04,8.87,8.62,2.71,1.0,7.37,37.1,8.19,95.33,34.41,dry,AVN
25.7,SS,7.53,5.2,12.79,7.03,0.0,70.56,38.44,4.4,94.89,3.2,rainy,Infection
40.6,SC,7.16,4.18,20.98,7.01,2.0,35.73,38.9,4.99,90.38,2.61,rainy,ACS
27.0,SS,7.66,1.57,5.0,7.75,1.0,18.2,37.48,,90.62,8.48,rainy,Other
38.0,SS,7.09 g/dl,8.47,15.76,10.64,3.0,1.92,37.09,4.35,95.12,0.5,Dry,VOC
24.3,SS,8.15,6.51,10.67,5.23,0.0,14.45,37.29,5.78,97.26,60.53,rainy,AVN
13.2,SS,7.03,6.2,12.2,10.22,3.0,0.0,36.0,3.05,97.44,5.67, dry,Other
31.7,SBeta-thal,8.45,2.71,10.26,6.33,2.0,6.9,37.45,0.96,98.02,1.29,dry,Dehydration
30.0,SBeta-thal,7.27,0.0,19.39,8.96,3.0,10.04,37.23,5.07,85.0,6.96,dry,Other
28.4,SS,7.9,1.47,6.88 x10^9/L,13.03,3.0,0.0,36.74,2.36,98.88,0.5,rainy,Other
40.4, SS ,6.91,7.25,17.99,,3.0,5.3,36.49,5.22,93.75,2.38,rainy,VOC
22.9,SS,7.11,4.98,14.14,8.18,3.0,,37.59,5.03,88.59,1.92,rainy,ACS
25.0,SS,7.12,7.27,19.88,8.5,1.0,42.51,39.37,4.18,97.77,4.85,dry,Infection
15.8,SS,6.2,5.29,14.64,8.93,3.0,6.26,37.27,2.34,95.05,1.91,dry,Dehydration
37.9,SS,8.09,9.28,18.6,11.31,2.0,57.81,37.86,1.76,89.43,1.49,dry,ACS
24.9,SS,8.77,8.49,6.0,5.03,1.0,13.4,38.05,1.8,96.08,0.5,dry,Dehydration
33.2,SS,8.83,6.77,11.05,11.83,2.0,0.6,37.22,1.34,97.87,1.59,rainy,Dehydration
35.9,SS,7.13,3.4,21.35,,5.0,36.92,38.71,6.17,85.74,3.33,dry,ACS
27.3,SS,7.94,5.12,9.28,4.26,3.0,6.24,36.89,4.6,95.62,7.0,rainy,AVN
42.9,SS,8.93 g/dl,6.07,11.06,7.17,2.0,3.48,37.71,2.12,96.66,2.84,dry,Dehydration
10.7,Hb-SC,10.59,,15.48 x10^9/L,12.8,0.0,2.11,36.95,5.66,94.12,0.92,rainy,Other
39.0,SS,8.98,3.58,18.92,11.0,3.0,38.38,37.32,4.37,88.58,2.18,dry,ACS
15.8,SC,7.99,5.08,7.37,2.98,2.0,0.0,36.15,7.49,94.43,4.99,dry,Other
25.8,SS,9.39,5.47,11.4,9.03,4.0,10.54,37.46,3.49,98.08,1.06,dry,Dehydration
31.9,SS,8.55,11.85,10.04,8.18,1.0,19.11,37.33,1.32,99.81,1.19,dry,Dehydration
28.0,SBeta-thal,8.48,11.4,8.14,9.82,1.0,35.94,36.47,4.47,100.0,9.1,rainy,Other
26.9,SS,5.61,12.17,14.42,13.13,4.0,33.54,37.78,6.9,96.78,5.72,rainy,Infection
12.2,SC,6.3,8.78,12.24,8.47,2.0,20.74,37.05,2.24,95.66,3.66,rainy,VOC
25.8,SS,8.18,6.07,9.16,11.78,6.0,14.52,37.31,7.3,96.74,4.37,rainy,VOC
30.0,SS,9.34 g/dl,12.3,11.05,4.48,1.0,3.92,37.14,1.41,97.83,33.09,rainy,AVN
17.4,SS,8.61 g/dl,7.89,17.19,10.29,4.0,,37.0,7.9,85.93,1.2,rainy,ACS
11.4,SS,7.52,10.05,10.32,5.5,1.0,,37.07,2.55,99.26,9.95,rainy season,Other
20.5,SBeta-thal,7.32,6.6,10.14,10.59,0.0,8.29,36.74,1.57,97.27,1.13,dry,Dehydration
11.8,SS,8.05,2.26,12.3,6.68,2.0,8.21,37.38,2.22,96.89,0.5,dry,Dehydration
40.5,Hb-SC,6.44,5.26,8.43,2.65,0.0,3.73,37.02,7.31,97.53,68.69,dry,AVN
16.4,SS,8.05,8.29,16.53,9.48,3.0,23.62,36.51,,96.29,1.98,rainy,VOC
24.7,SS,8.54,4.68,19.01,8.51,2.0,36.87,38.26,4.55,92.32,4.52,rainy,Infection
29.4,SS,8.79,3.47,10.44,7.13,3.0,8.3,37.55,3.75,96.73,7.0,dry,AVN
41.7,SS,9.53 g/dl,6.15,12.42,11.71,1.0,10.83,37.21,1.46,97.19,4.34,dry,Other
14.9,SS,8.97,9.71,11.0,11.34,1.0,5.93,37.53,3.32,100.0,2.71,rainy,VOC
24.4,SS,7.45,1.66,13.49,8.12,2.0,48.63,37.9,4.83,94.2,2.08,rainy,Infection
19.8,SBeta-thal,7.33,,28.41,3.0,6.0,80.22,37.43,4.29,87.43,3.05,dry,ACS
32.8,SS,7.9,7.49,16.86,9.96,4.0,56.9,38.36,4.36,83.93,1.16,rainy,ACS
29.2,SC,6.59,0.0,13.16,7.82,5.0,16.83,37.21,3.23,95.64,2.24,dry,VOC
20.6,SS,7.57,4.22,10.51,8.67,3.0,3.49,37.79,2.39,96.77,1.86,dry,Dehydration
23.1,SS,8.36,0.0,13.54,12.25,2.0,26.49,36.75,4.46,94.28,6.91,dry,Other
23.9,SS,8.98,9.92,16.18,4.57,4.0,,37.26,,88.84,2.79,dry,ACS
12.0,SS,8.81,6.11,9.26,3.51,1.0,2.44,36.59,5.05,97.98,55.42,rainy,AVN
26.6,SS,8.8,6.25,16.58 x10^9/L,14.05,8.0,72.82,37.75,5.56,88.12,4.61,dry,ACS
19.6,SS,7.2,2.02,9.32,8.4,1.0,6.16,37.85,8.75,98.77,0.5,dry,Other
27.1,Hb SS,8.49,7.89,7.36,4.38,0.0,8.63,36.74,5.09,96.84,19.7,dry,AVN
15.4,SS,5.35,9.59,10.56,9.14,2.0,66.36,38.05,3.66,90.44,3.03,dry,ACS
29.9,SBeta-thal,7.38,5.2,11.27,9.53,3.0,22.89,37.22,,95.37,4.91,rainy,VOC
13.2,SS,6.92,5.3,8.13,7.34,5.0,6.2,36.42,1.25,98.37,0.74,dry,Dehydration
32.8,SC,7.26,4.71,8.24,6.77,2.0,11.57,36.61,3.96,98.29,46.94,dry,AVN
28.6,SS,9.2,7.16,9.36,7.05,0.0,6.81,36.82,4.61,97.03,7.0,rainy,AVN
18.6,SS,5.61,3.64,7.94,6.93,4.0,6.93,37.28,5.69,96.77,2.67,rainy,VOC
35.7,SC,7.47,2.53,15.27,10.32,1.0,58.86,37.26,7.03,99.73,15.01,dry,Other
27.3,SBeta-thal,8.54,9.43,12.55,9.67,1.0,6.99,37.52,,97.19,2.38,DRY,Dehydration
29.6,SS,8.94,8.21,9.15,8.96,3.0,4.75,36.77,3.38,96.32,1.52,dry,Dehydration
53.3,SC,9.44,1.7,9.61,9.24,0.0,12.02,36.98,,96.47,48.99, rainy,AVN
26.5,SS,8.87,4.4,8.28,5.55,5.0,1.1,37.08,2.47,95.01,2.17,rainy,VOC
23.3,SBeta-thal,9.53,0.46,16.75,5.0,2.0,61.81,38.14,5.56,88.48,1.37,dry,Infection
37.1,HBSS,7.93 g/dl,5.36,18.58,6.25,2.0,32.44,38.31,4.71,100.0,4.5,rainy,Infection
21.1,SS,10.23,5.19,14.26,12.14,3.0,0.0,37.59,4.81,98.0,0.92,dry,VOC
21.0,SBeta-thal,6.59,4.33,13.17,13.3,3.0,48.76,37.89,6.34,90.44,3.03,rainy,ACS